level=info msg="configuring vogue-glmark2 (qemu/x86_64)"
level=info msg="  LN      Makefile"
level=info msg="  LN      Makefile"
level=info msg="#"
level=info msg="# No change to /home/jerrytsai/vm-final-project/.config.vogue-glmark2_qemu-x86_64"
level=info msg="#"
level=info msg="building vogue-glmark2 (qemu/x86_64)"
level=info msg="  LN      Makefile"
level=info msg="  CP      config"
level=info msg="  GEN     libuklibid: libraries.in.new"
level=info msg="  GEN     config.h"
level=info msg="  LN      Makefile"
level=info msg="  CP      config"
level=info msg="  GEN     libuklibid: libraries.in.new"
level=info msg="  CP      libuklibid: libraries.in"
level=info msg="  AWK     libuklibid: libid.h"
level=info msg="  AWK     libuklibid: namemap.c"
level=info msg="  AWK     libuklibid: selfids.c"
level=info msg="  AWK     libuklibid: exportsyms.uk"
level=info msg="  AS      libkvmplat: multiboot.x86.o"
level=info msg="  CC      libkvmplat: multiboot.o"
level=warning msg="In file included from /home/jerrytsai/unikraft/plat/native/pal/include/uk/plat/pal/ectx.h:11,"
level=warning msg="                 from /home/jerrytsai/unikraft/lib/uklcpu/include/uk/lcpu/ectx.h:11,"
level=warning msg="                 from /home/jerrytsai/unikraft/lib/uklcpu/include/uk/lcpu.h:19,"
level=warning msg="                 from /home/jerrytsai/unikraft/lib/ukpm/include/uk/pm.h:17,"
level=warning msg="                 from /home/jerrytsai/unikraft/plat/kvm/x86/multiboot.c:11:"
level=warning msg="/home/jerrytsai/unikraft/plat/native/arch/x86_64/include/uk/plat/native/arch/ectx.h:70:48: error: attribute(target("general-regs-only")) is unknown"
level=warning msg="   70 | __isr void uk_plat_native_ectx_sanitize(struct uk_plat_native_ectx *state);"
level=warning msg="      |                                                ^~~~~~~~~~~~~~~~~~~"
level=warning msg="/home/jerrytsai/unikraft/plat/native/arch/x86_64/include/uk/plat/native/arch/ectx.h:79:45: error: attribute(target("general-regs-only")) is unknown"
level=warning msg="   79 | __isr void uk_plat_native_ectx_store(struct uk_plat_native_ectx *state);"
level=warning msg="      |                                             ^~~~~~~~~~~~~~~~~~~"
level=warning msg="/home/jerrytsai/unikraft/plat/native/arch/x86_64/include/uk/plat/native/arch/ectx.h:90:44: error: attribute(target("general-regs-only")) is unknown"
level=warning msg="   90 | __isr void uk_plat_native_ectx_load(struct uk_plat_native_ectx *state);"
level=warning msg="      |                                            ^~~~~~~~~~~~~~~~~~~"
level=warning msg="/home/jerrytsai/unikraft/plat/native/arch/x86_64/include/uk/plat/native/arch/ectx.h:99:44: error: attribute(target("general-regs-only")) is unknown"
level=warning msg="   99 | __isr void uk_plat_native_ectx_init(struct uk_plat_native_ectx *state);"
level=warning msg="      |                                            ^~~~~~~~~~~~~~~~~~~"
level=warning msg="/home/jerrytsai/unikraft/plat/native/arch/x86_64/include/uk/plat/native/arch/ectx.h:110:52: error: attribute(target("general-regs-only")) is unknown"
level=warning msg="  110 | __isr void uk_plat_native_ectx_assert_equal(struct uk_plat_native_ectx *state);"
level=warning msg="      |                                                    ^~~~~~~~~~~~~~~~~~~"
level=warning msg="In file included from /home/jerrytsai/unikraft/lib/uklcpu/include/uk/lcpu/ectx.h:11,"
level=warning msg="                 from /home/jerrytsai/unikraft/lib/uklcpu/include/uk/lcpu.h:19,"
level=warning msg="                 from /home/jerrytsai/unikraft/lib/ukpm/include/uk/pm.h:17,"
level=warning msg="                 from /home/jerrytsai/unikraft/plat/kvm/x86/multiboot.c:11:"
level=warning msg="/home/jerrytsai/unikraft/plat/native/pal/include/uk/plat/pal/ectx.h:29:1: error: attribute(target("general-regs-only")) is unknown"
level=warning msg="   29 | {"
level=warning msg="      | ^"
level=warning msg="/home/jerrytsai/unikraft/plat/native/pal/include/uk/plat/pal/ectx.h:34:1: error: attribute(target("general-regs-only")) is unknown"
level=warning msg="   34 | {"
level=warning msg="      | ^"
level=warning msg="/home/jerrytsai/unikraft/plat/native/pal/include/uk/plat/pal/ectx.h:39:1: error: attribute(target("general-regs-only")) is unknown"
level=warning msg="   39 | {"
level=warning msg="      | ^"
level=warning msg="/home/jerrytsai/unikraft/plat/native/pal/include/uk/plat/pal/ectx.h:44:1: error: attribute(target("general-regs-only")) is unknown"
level=warning msg="   44 | {"
level=warning msg="      | ^"
level=warning msg="/home/jerrytsai/unikraft/plat/native/pal/include/uk/plat/pal/ectx.h:49:1: error: attribute(target("general-regs-only")) is unknown"
level=warning msg="   49 | {"
level=warning msg="      | ^"
level=warning msg="In file included from /home/jerrytsai/unikraft/lib/uklcpu/include/uk/lcpu/ectx.h:12,"
level=warning msg="                 from /home/jerrytsai/unikraft/lib/uklcpu/include/uk/lcpu.h:19,"
level=warning msg="                 from /home/jerrytsai/unikraft/lib/ukpm/include/uk/pm.h:17,"
level=warning msg="                 from /home/jerrytsai/unikraft/plat/kvm/x86/multiboot.c:11:"
level=warning msg="/home/jerrytsai/unikraft/lib/ukpal/include/uk/pal/ectx.h:63:40: error: attribute(target("general-regs-only")) is unknown"
level=warning msg="   63 | __isr void uk_pal_ectx_sanitize(struct uk_pal_ectx *state);"
level=warning msg="      |                                        ^~~~~~~~~~~"
level=warning msg="/home/jerrytsai/unikraft/lib/ukpal/include/uk/pal/ectx.h:79:37: error: attribute(target("general-regs-only")) is unknown"
level=warning msg="   79 | __isr void uk_pal_ectx_store(struct uk_pal_ectx *state);"
level=warning msg="      |                                     ^~~~~~~~~~~"
level=warning msg="/home/jerrytsai/unikraft/lib/ukpal/include/uk/pal/ectx.h:87:36: error: attribute(target("general-regs-only")) is unknown"
level=warning msg="   87 | __isr void uk_pal_ectx_load(struct uk_pal_ectx *state);"
level=warning msg="      |                                    ^~~~~~~~~~~"
level=warning msg="/home/jerrytsai/unikraft/lib/ukpal/include/uk/pal/ectx.h:96:44: error: attribute(target("general-regs-only")) is unknown"
level=warning msg="   96 | __isr void uk_pal_ectx_assert_equal(struct uk_pal_ectx *state);"
level=warning msg="      |                                            ^~~~~~~~~~~"
level=warning msg="In file included from /home/jerrytsai/unikraft/lib/uklcpu/include/uk/lcpu.h:19,"
level=warning msg="                 from /home/jerrytsai/unikraft/lib/ukpm/include/uk/pm.h:17,"
level=warning msg="                 from /home/jerrytsai/unikraft/plat/kvm/x86/multiboot.c:11:"
level=warning msg="/home/jerrytsai/unikraft/lib/uklcpu/include/uk/lcpu/ectx.h:34:1: error: attribute(target("general-regs-only")) is unknown"
level=warning msg="   34 | {"
level=warning msg="      | ^"
level=warning msg="/home/jerrytsai/unikraft/lib/uklcpu/include/uk/lcpu/ectx.h:39:1: error: attribute(target("general-regs-only")) is unknown"
level=warning msg="   39 | {"
level=warning msg="      | ^"
level=warning msg="/home/jerrytsai/unikraft/lib/uklcpu/include/uk/lcpu/ectx.h:44:1: error: attribute(target("general-regs-only")) is unknown"
level=warning msg="   44 | {"
level=warning msg="      | ^"
level=warning msg="/home/jerrytsai/unikraft/lib/uklcpu/include/uk/lcpu/ectx.h:49:1: error: attribute(target("general-regs-only")) is unknown"
level=warning msg="   49 | {"
level=warning msg="      | ^"
level=warning msg="/home/jerrytsai/unikraft/lib/uklcpu/include/uk/lcpu/ectx.h:54:1: error: attribute(target("general-regs-only")) is unknown"
level=warning msg="   54 | {"
level=warning msg="      | ^"
level=warning msg="In file included from /home/jerrytsai/unikraft/plat/native/arch/x86_64/include/uk/plat/native/arch/except.h:14,"
level=warning msg="                 from /home/jerrytsai/unikraft/plat/native/pal/include/uk/plat/pal/except.h:11,"
level=warning msg="                 from /home/jerrytsai/unikraft/lib/uklcpu/include/uk/lcpu/except.h:11,"
level=warning msg="                 from /home/jerrytsai/unikraft/lib/uklcpu/include/uk/lcpu.h:20,"
level=warning msg="                 from /home/jerrytsai/unikraft/lib/ukpm/include/uk/pm.h:17,"
level=warning msg="                 from /home/jerrytsai/unikraft/plat/kvm/x86/multiboot.c:11:"
level=warning msg="/home/jerrytsai/unikraft/plat/native/arch/x86_64/include/uk/plat/native/arch/regs.h:187:1: error: attribute(target("general-regs-only")) is unknown"
level=warning msg="  187 | {"
level=warning msg="      | ^"
level=warning msg="/home/jerrytsai/unikraft/plat/native/arch/x86_64/include/uk/plat/native/arch/regs.h:203:1: error: attribute(target("general-regs-only")) is unknown"
level=warning msg="  203 | {"
level=warning msg="      | ^"
level=warning msg="In file included from /home/jerrytsai/unikraft/plat/native/pal/include/uk/plat/pal/except.h:11,"
level=warning msg="                 from /home/jerrytsai/unikraft/lib/uklcpu/include/uk/lcpu/except.h:11,"
level=warning msg="                 from /home/jerrytsai/unikraft/lib/uklcpu/include/uk/lcpu.h:20,"
level=warning msg="                 from /home/jerrytsai/unikraft/lib/ukpm/include/uk/pm.h:17,"
level=warning msg="                 from /home/jerrytsai/unikraft/plat/kvm/x86/multiboot.c:11:"
level=warning msg="/home/jerrytsai/unikraft/plat/native/arch/x86_64/include/uk/plat/native/arch/except.h:68:1: error: attribute(target("general-regs-only")) is unknown"
level=warning msg="   68 | {"
level=warning msg="      | ^"
level=warning msg="/home/jerrytsai/unikraft/plat/native/arch/x86_64/include/uk/plat/native/arch/except.h:76:1: error: attribute(target("general-regs-only")) is unknown"
level=warning msg="   76 | {"
level=warning msg="      | ^"
level=warning msg="/home/jerrytsai/unikraft/plat/native/arch/x86_64/include/uk/plat/native/arch/except.h:83:1: error: attribute(target("general-regs-only")) is unknown"
level=warning msg="   83 | {"
level=warning msg="      | ^"
level=warning msg="/home/jerrytsai/unikraft/plat/native/arch/x86_64/include/uk/plat/native/arch/except.h:91:1: error: attribute(target("general-regs-only")) is unknown"
level=warning msg="   91 | {"
level=warning msg="      | ^"
level=warning msg="/home/jerrytsai/unikraft/plat/native/arch/x86_64/include/uk/plat/native/arch/except.h:98:1: error: attribute(target("general-regs-only")) is unknown"
level=warning msg="   98 | {"
level=warning msg="      | ^"
level=warning msg="/home/jerrytsai/unikraft/plat/native/arch/x86_64/include/uk/plat/native/arch/except.h:106:1: error: attribute(target("general-regs-only")) is unknown"
level=warning msg="  106 | {"
level=warning msg="      | ^"
level=warning msg="/home/jerrytsai/unikraft/plat/native/arch/x86_64/include/uk/plat/native/arch/except.h:113:1: error: attribute(target("general-regs-only")) is unknown"
level=warning msg="  113 | {"
level=warning msg="      | ^"
level=warning msg="/home/jerrytsai/unikraft/plat/native/arch/x86_64/include/uk/plat/native/arch/except.h:121:1: error: attribute(target("general-regs-only")) is unknown"
level=warning msg="  121 | {"
level=warning msg="      | ^"
level=warning msg="/home/jerrytsai/unikraft/plat/native/arch/x86_64/include/uk/plat/native/arch/except.h:128:1: error: attribute(target("general-regs-only")) is unknown"
level=warning msg="  128 | {"
level=warning msg="      | ^"
level=warning msg="/home/jerrytsai/unikraft/plat/native/arch/x86_64/include/uk/plat/native/arch/except.h:136:1: error: attribute(target("general-regs-only")) is unknown"
level=warning msg="  136 | {"
level=warning msg="      | ^"
level=warning msg="/home/jerrytsai/unikraft/plat/native/arch/x86_64/include/uk/plat/native/arch/except.h:143:1: error: attribute(target("general-regs-only")) is unknown"
level=warning msg="  143 | {"
level=warning msg="      | ^"
level=warning msg="/home/jerrytsai/unikraft/plat/native/arch/x86_64/include/uk/plat/native/arch/except.h:151:1: error: attribute(target("general-regs-only")) is unknown"
level=warning msg="  151 | {"
level=warning msg="      | ^"
level=warning msg="/home/jerrytsai/unikraft/plat/native/arch/x86_64/include/uk/plat/native/arch/except.h:170:1: error: attribute(target("general-regs-only")) is unknown"
level=warning msg="  170 | {"
level=warning msg="      | ^"
level=warning msg="/home/jerrytsai/unikraft/plat/native/arch/x86_64/include/uk/plat/native/arch/except.h:178:1: error: attribute(target("general-regs-only")) is unknown"
level=warning msg="  178 | {"
level=warning msg="      | ^"
level=warning msg="/home/jerrytsai/unikraft/plat/native/arch/x86_64/include/uk/plat/native/arch/except.h:185:1: error: attribute(target("general-regs-only")) is unknown"
level=warning msg="  185 | {"
level=warning msg="      | ^"
level=warning msg="/home/jerrytsai/unikraft/plat/native/arch/x86_64/include/uk/plat/native/arch/except.h:193:1: error: attribute(target("general-regs-only")) is unknown"
level=warning msg="  193 | {"
level=warning msg="      | ^"
level=warning msg="/home/jerrytsai/unikraft/plat/native/arch/x86_64/include/uk/plat/native/arch/except.h:203:1: error: attribute(target("general-regs-only")) is unknown"
level=warning msg="  203 | __isr int uk_plat_native_except_init(void);"
level=warning msg="      | ^~~~~"
level=warning msg="/home/jerrytsai/unikraft/plat/native/arch/x86_64/include/uk/plat/native/arch/except.h:210:1: error: attribute(target("general-regs-only")) is unknown"
level=warning msg="  210 | {"
level=warning msg="      | ^"
level=warning msg="/home/jerrytsai/unikraft/plat/native/arch/x86_64/include/uk/plat/native/arch/except.h:220:1: error: attribute(target("general-regs-only")) is unknown"
level=warning msg="  220 | {"
level=warning msg="      | ^"
level=warning msg="/home/jerrytsai/unikraft/plat/native/arch/x86_64/include/uk/plat/native/arch/except.h:232:1: error: attribute(target("general-regs-only")) is unknown"
level=warning msg="  232 | {"
level=warning msg="      | ^"
level=warning msg="/home/jerrytsai/unikraft/plat/native/arch/x86_64/include/uk/plat/native/arch/except.h:248:1: error: attribute(target("general-regs-only")) is unknown"
level=warning msg="  248 | {"
level=warning msg="      | ^"
level=warning msg="/home/jerrytsai/unikraft/plat/native/arch/x86_64/include/uk/plat/native/arch/except.h:261:1: error: attribute(target("general-regs-only")) is unknown"
level=warning msg="  261 | {"
level=warning msg="      | ^"
level=warning msg="/home/jerrytsai/unikraft/plat/native/arch/x86_64/include/uk/plat/native/arch/except.h:277:1: error: attribute(target("general-regs-only")) is unknown"
level=warning msg="  277 | __isr __uptr uk_plat_native_except_get_except_stack_base(void);"
level=warning msg="      | ^~~~~"
level=warning msg="/home/jerrytsai/unikraft/plat/native/arch/x86_64/include/uk/plat/native/arch/except.h:284:1: error: attribute(target("general-regs-only")) is unknown"
level=warning msg="  284 | __isr void uk_plat_native_except_push_nested(void);"
level=warning msg="      | ^~~~~"
level=warning msg="/home/jerrytsai/unikraft/plat/native/arch/x86_64/include/uk/plat/native/arch/except.h:291:1: error: attribute(target("general-regs-only")) is unknown"
level=warning msg="  291 | __isr void uk_plat_native_except_pop_nested(void);"
level=warning msg="      | ^~~~~"
level=warning msg="In file included from /home/jerrytsai/unikraft/plat/native/pal/include/uk/plat/pal/except.h:12,"
level=warning msg="                 from /home/jerrytsai/unikraft/lib/uklcpu/include/uk/lcpu/except.h:11,"
level=warning msg="                 from /home/jerrytsai/unikraft/lib/uklcpu/include/uk/lcpu.h:20,"
level=warning msg="                 from /home/jerrytsai/unikraft/lib/ukpm/include/uk/pm.h:17,"
level=warning msg="                 from /home/jerrytsai/unikraft/plat/kvm/x86/multiboot.c:11:"
level=warning msg="/home/jerrytsai/unikraft/plat/native/pal/arch/x86_64/include/uk/plat/pal/arch/except.h:25:1: error: attribute(target("general-regs-only")) is unknown"
level=warning msg="   25 | {"
level=warning msg="      | ^"
level=warning msg="/home/jerrytsai/unikraft/plat/native/pal/arch/x86_64/include/uk/plat/pal/arch/except.h:33:1: error: attribute(target("general-regs-only")) is unknown"
level=warning msg="   33 | {"
level=warning msg="      | ^"
level=warning msg="/home/jerrytsai/unikraft/plat/native/pal/arch/x86_64/include/uk/plat/pal/arch/except.h:41:1: error: attribute(target("general-regs-only")) is unknown"
level=warning msg="   41 | {"
level=warning msg="      | ^"
level=warning msg="/home/jerrytsai/unikraft/plat/native/pal/arch/x86_64/include/uk/plat/pal/arch/except.h:49:1: error: attribute(target("general-regs-only")) is unknown"
level=warning msg="   49 | {"
level=warning msg="      | ^"
level=warning msg="In file included from /home/jerrytsai/unikraft/lib/uklcpu/include/uk/lcpu/except.h:11,"
level=warning msg="                 from /home/jerrytsai/unikraft/lib/uklcpu/include/uk/lcpu.h:20,"
level=warning msg="                 from /home/jerrytsai/unikraft/lib/ukpm/include/uk/pm.h:17,"
level=warning msg="                 from /home/jerrytsai/unikraft/plat/kvm/x86/multiboot.c:11:"
level=warning msg="/home/jerrytsai/unikraft/plat/native/pal/include/uk/plat/pal/except.h:42:1: error: attribute(target("general-regs-only")) is unknown"
level=warning msg="   42 | {"
level=warning msg="      | ^"
level=warning msg="/home/jerrytsai/unikraft/plat/native/pal/include/uk/plat/pal/except.h:50:1: error: attribute(target("general-regs-only")) is unknown"
level=warning msg="   50 | {"
level=warning msg="      | ^"
level=warning msg="/home/jerrytsai/unikraft/plat/native/pal/include/uk/plat/pal/except.h:57:1: error: attribute(target("general-regs-only")) is unknown"
level=warning msg="   57 | {"
level=warning msg="      | ^"
level=warning msg="/home/jerrytsai/unikraft/plat/native/pal/include/uk/plat/pal/except.h:65:1: error: attribute(target("general-regs-only")) is unknown"
level=warning msg="   65 | {"
level=warning msg="      | ^"
level=warning msg="/home/jerrytsai/unikraft/plat/native/pal/include/uk/plat/pal/except.h:72:1: error: attribute(target("general-regs-only")) is unknown"
level=warning msg="   72 | {"
level=warning msg="      | ^"
level=warning msg="/home/jerrytsai/unikraft/plat/native/pal/include/uk/plat/pal/except.h:80:1: error: attribute(target("general-regs-only")) is unknown"
level=warning msg="   80 | {"
level=warning msg="      | ^"
level=warning msg="/home/jerrytsai/unikraft/plat/native/pal/include/uk/plat/pal/except.h:88:1: error: attribute(target("general-regs-only")) is unknown"
level=warning msg="   88 | {"
level=warning msg="      | ^"
level=warning msg="/home/jerrytsai/unikraft/plat/native/pal/include/uk/plat/pal/except.h:96:1: error: attribute(target("general-regs-only")) is unknown"
level=warning msg="   96 | {"
level=warning msg="      | ^"
level=warning msg="/home/jerrytsai/unikraft/plat/native/pal/include/uk/plat/pal/except.h:105:1: error: attribute(target("general-regs-only")) is unknown"
level=warning msg="  105 | {"
level=warning msg="      | ^"
level=warning msg="/home/jerrytsai/unikraft/plat/native/pal/include/uk/plat/pal/except.h:113:1: error: attribute(target("general-regs-only")) is unknown"
level=warning msg="  113 | {"
level=warning msg="      | ^"
level=warning msg="/home/jerrytsai/unikraft/plat/native/pal/include/uk/plat/pal/except.h:121:1: error: attribute(target("general-regs-only")) is unknown"
level=warning msg="  121 | {"
level=warning msg="      | ^"
level=warning msg="/home/jerrytsai/unikraft/plat/native/pal/include/uk/plat/pal/except.h:129:1: error: attribute(target("general-regs-only")) is unknown"
level=warning msg="  129 | {"
level=warning msg="      | ^"
level=warning msg="/home/jerrytsai/unikraft/plat/native/pal/include/uk/plat/pal/except.h:135:1: error: attribute(target("general-regs-only")) is unknown"
level=warning msg="  135 | {"
level=warning msg="      | ^"
level=warning msg="/home/jerrytsai/unikraft/plat/native/pal/include/uk/plat/pal/except.h:140:1: error: attribute(target("general-regs-only")) is unknown"
level=warning msg="  140 | {"
level=warning msg="      | ^"
level=warning msg="/home/jerrytsai/unikraft/plat/native/pal/include/uk/plat/pal/except.h:145:1: error: attribute(target("general-regs-only")) is unknown"
level=warning msg="  145 | {"
level=warning msg="      | ^"
level=warning msg="/home/jerrytsai/unikraft/plat/native/pal/include/uk/plat/pal/except.h:150:1: error: attribute(target("general-regs-only")) is unknown"
level=warning msg="  150 | {"
level=warning msg="      | ^"
level=warning msg="/home/jerrytsai/unikraft/plat/native/pal/include/uk/plat/pal/except.h:155:1: error: attribute(target("general-regs-only")) is unknown"
level=warning msg="  155 | {"
level=warning msg="      | ^"
level=warning msg="/home/jerrytsai/unikraft/plat/native/pal/include/uk/plat/pal/except.h:165:1: error: attribute(target("general-regs-only")) is unknown"
level=warning msg="  165 | {"
level=warning msg="      | ^"
level=warning msg="/home/jerrytsai/unikraft/plat/native/pal/include/uk/plat/pal/except.h:170:1: error: attribute(target("general-regs-only")) is unknown"
level=warning msg="  170 | {"
level=warning msg="      | ^"
level=warning msg="/home/jerrytsai/unikraft/plat/native/pal/include/uk/plat/pal/except.h:175:1: error: attribute(target("general-regs-only")) is unknown"
level=warning msg="  175 | {"
level=warning msg="      | ^"
level=warning msg="/home/jerrytsai/unikraft/plat/native/pal/include/uk/plat/pal/except.h:180:1: error: attribute(target("general-regs-only")) is unknown"
level=warning msg="  180 | {"
level=warning msg="      | ^"
level=warning msg="In file included from /home/jerrytsai/unikraft/lib/ukpal/include/uk/pal/except.h:19,"
level=warning msg="                 from /home/jerrytsai/unikraft/lib/uklcpu/include/uk/lcpu/except.h:12,"
level=warning msg="                 from /home/jerrytsai/unikraft/lib/uklcpu/include/uk/lcpu.h:20,"
level=warning msg="                 from /home/jerrytsai/unikraft/lib/ukpm/include/uk/pm.h:17,"
level=warning msg="                 from /home/jerrytsai/unikraft/plat/kvm/x86/multiboot.c:11:"
level=warning msg="/home/jerrytsai/unikraft/lib/ukpal/arch/x86_64/include/uk/pal/arch/except.h:25:15: error: attribute(target("general-regs-only")) is unknown"
level=warning msg="   25 |  const struct uk_pal_except_err_ctx *ctx);"
level=warning msg="      |               ^~~~~~~~~~~~~~~~~~~~~"
level=warning msg="/home/jerrytsai/unikraft/lib/ukpal/arch/x86_64/include/uk/pal/arch/except.h:29:2: error: attribute(target("general-regs-only")) is unknown"
level=warning msg="   29 |  __u32 trapnr);"
level=warning msg="      |  ^~~~~"
level=warning msg="/home/jerrytsai/unikraft/lib/ukpal/arch/x86_64/include/uk/pal/arch/except.h:32:15: error: attribute(target("general-regs-only")) is unknown"
level=warning msg="   32 |  const struct uk_pal_except_err_ctx *ctx);"
level=warning msg="      |               ^~~~~~~~~~~~~~~~~~~~~"
level=warning msg="/home/jerrytsai/unikraft/lib/ukpal/arch/x86_64/include/uk/pal/arch/except.h:36:2: error: attribute(target("general-regs-only")) is unknown"
level=warning msg="   36 |  __u64 error_code);"
level=warning msg="      |  ^~~~~"
level=warning msg="In file included from /home/jerrytsai/unikraft/lib/uklcpu/include/uk/lcpu/except.h:12,"
level=warning msg="                 from /home/jerrytsai/unikraft/lib/uklcpu/include/uk/lcpu.h:20,"
level=warning msg="                 from /home/jerrytsai/unikraft/lib/ukpm/include/uk/pm.h:17,"
level=warning msg="                 from /home/jerrytsai/unikraft/plat/kvm/x86/multiboot.c:11:"
level=warning msg="/home/jerrytsai/unikraft/lib/ukpal/include/uk/pal/except.h:77:15: error: attribute(target("general-regs-only")) is unknown"
level=warning msg="   77 |  const struct uk_pal_except_err_ctx *ctx);"
level=warning msg="      |               ^~~~~~~~~~~~~~~~~~~~~"
level=warning msg="/home/jerrytsai/unikraft/lib/ukpal/include/uk/pal/except.h:81:2: error: attribute(target("general-regs-only")) is unknown"
level=warning msg="   81 |  const char *str);"
level=warning msg="      |  ^~~~~"
level=warning msg="/home/jerrytsai/unikraft/lib/ukpal/include/uk/pal/except.h:84:15: error: attribute(target("general-regs-only")) is unknown"
level=warning msg="   84 |  const struct uk_pal_except_err_ctx *ctx);"
level=warning msg="      |               ^~~~~~~~~~~~~~~~~~~~~"
level=warning msg="/home/jerrytsai/unikraft/lib/ukpal/include/uk/pal/except.h:88:2: error: attribute(target("general-regs-only")) is unknown"
level=warning msg="   88 |  int handler_err);"
level=warning msg="      |  ^~~"
level=warning msg="/home/jerrytsai/unikraft/lib/ukpal/include/uk/pal/except.h:91:15: error: attribute(target("general-regs-only")) is unknown"
level=warning msg="   91 |  const struct uk_pal_except_err_ctx *ctx);"
level=warning msg="      |               ^~~~~~~~~~~~~~~~~~~~~"
level=warning msg="/home/jerrytsai/unikraft/lib/ukpal/include/uk/pal/except.h:95:9: error: attribute(target("general-regs-only")) is unknown"
level=warning msg="   95 |  struct uk_pal_regs *regs);"
level=warning msg="      |         ^~~~~~~~~~~"
level=warning msg="/home/jerrytsai/unikraft/lib/ukpal/include/uk/pal/except.h:98:15: error: attribute(target("general-regs-only")) is unknown"
level=warning msg="   98 |  const struct uk_pal_except_err_ctx *ctx);"
level=warning msg="      |               ^~~~~~~~~~~~~~~~~~~~~"
level=warning msg="/home/jerrytsai/unikraft/lib/ukpal/include/uk/pal/except.h:102:2: error: attribute(target("general-regs-only")) is unknown"
level=warning msg="  102 |  __u64 fault_addr);"
level=warning msg="      |  ^~~~~"
level=warning msg="/home/jerrytsai/unikraft/lib/ukpal/include/uk/pal/except.h:114:15: error: attribute(target("general-regs-only")) is unknown"
level=warning msg="  114 |  const struct uk_pal_except_irq_ctx *ctx);"
level=warning msg="      |               ^~~~~~~~~~~~~~~~~~~~~"
level=warning msg="/home/jerrytsai/unikraft/lib/ukpal/include/uk/pal/except.h:118:9: error: attribute(target("general-regs-only")) is unknown"
level=warning msg="  118 |  struct uk_pal_regs *regs);"
level=warning msg="      |         ^~~~~~~~~~~"
level=warning msg="/home/jerrytsai/unikraft/lib/ukpal/include/uk/pal/except.h:121:15: error: attribute(target("general-regs-only")) is unknown"
level=warning msg="  121 |  const struct uk_pal_except_irq_ctx *ctx);"
level=warning msg="      |               ^~~~~~~~~~~~~~~~~~~~~"
level=warning msg="/home/jerrytsai/unikraft/lib/ukpal/include/uk/pal/except.h:125:2: error: attribute(target("general-regs-only")) is unknown"
level=warning msg="  125 |  __u32 irq);"
level=warning msg="      |  ^~~~~"
level=warning msg="/home/jerrytsai/unikraft/lib/ukpal/include/uk/pal/except.h:133:1: error: attribute(target("general-regs-only")) is unknown"
level=warning msg="  133 | __isr void uk_pal_except_push_nested(void);"
level=warning msg="      | ^~~~~"
level=warning msg="/home/jerrytsai/unikraft/lib/ukpal/include/uk/pal/except.h:139:1: error: attribute(target("general-regs-only")) is unknown"
level=warning msg="  139 | __isr void uk_pal_except_pop_nested(void);"
level=warning msg="      | ^~~~~"
level=warning msg="/home/jerrytsai/unikraft/lib/ukpal/include/uk/pal/except.h:147:1: error: attribute(target("general-regs-only")) is unknown"
level=warning msg="  147 | __isr void uk_pal_disable_irq(void);"
level=warning msg="      | ^~~~~"
level=warning msg="/home/jerrytsai/unikraft/lib/ukpal/include/uk/pal/except.h:153:1: error: attribute(target("general-regs-only")) is unknown"
level=warning msg="  153 | __isr void uk_pal_enable_irq(void);"
level=warning msg="      | ^~~~~"
level=warning msg="/home/jerrytsai/unikraft/lib/ukpal/include/uk/pal/except.h:160:1: error: attribute(target("general-regs-only")) is unknown"
level=warning msg="  160 | __isr int uk_pal_irqs_disabled(void);"
level=warning msg="      | ^~~~~"
level=warning msg="/home/jerrytsai/unikraft/lib/ukpal/include/uk/pal/except.h:166:1: error: attribute(target("general-regs-only")) is unknown"
level=warning msg="  166 | __isr void uk_pal_irqs_handle_pending(void);"
level=warning msg="      | ^~~~~"
level=warning msg="/home/jerrytsai/unikraft/lib/ukpal/include/uk/pal/except.h:174:1: error: attribute(target("general-regs-only")) is unknown"
level=warning msg="  174 | __isr void uk_pal_restore_irqf(unsigned long flags);"
level=warning msg="      | ^~~~~"
level=warning msg="/home/jerrytsai/unikraft/lib/ukpal/include/uk/pal/except.h:182:1: error: attribute(target("general-regs-only")) is unknown"
level=warning msg="  182 | __isr unsigned long uk_pal_save_irqf(void);"
level=warning msg="      | ^~~~~"
level=warning msg="/home/jerrytsai/unikraft/lib/ukpal/include/uk/pal/except.h:189:1: error: attribute(target("general-regs-only")) is unknown"
level=warning msg="  189 | __isr __uptr uk_pal_except_get_except_stack_base(void);"
level=warning msg="      | ^~~~~"
level=warning msg="/home/jerrytsai/unikraft/lib/ukpal/include/uk/pal/except.h:196:1: error: attribute(target("general-regs-only")) is unknown"
level=warning msg="  196 | __isr int uk_pal_except_init(void);"
level=warning msg="      | ^~~~~"
level=warning msg="In file included from /home/jerrytsai/unikraft/lib/uklcpu/include/uk/lcpu/except.h:13,"
level=warning msg="                 from /home/jerrytsai/unikraft/lib/uklcpu/include/uk/lcpu.h:20,"
level=warning msg="                 from /home/jerrytsai/unikraft/lib/ukpm/include/uk/pm.h:17,"
level=warning msg="                 from /home/jerrytsai/unikraft/plat/kvm/x86/multiboot.c:11:"
level=warning msg="/home/jerrytsai/unikraft/lib/uklcpu/arch/x86_64/include/uk/lcpu/arch/except.h:26:1: error: attribute(target("general-regs-only")) is unknown"
level=warning msg="   26 | {"
level=warning msg="      | ^"
level=warning msg="/home/jerrytsai/unikraft/lib/uklcpu/arch/x86_64/include/uk/lcpu/arch/except.h:34:1: error: attribute(target("general-regs-only")) is unknown"
level=warning msg="   34 | {"
level=warning msg="      | ^"
level=warning msg="/home/jerrytsai/unikraft/lib/uklcpu/arch/x86_64/include/uk/lcpu/arch/except.h:42:1: error: attribute(target("general-regs-only")) is unknown"
level=warning msg="   42 | {"
level=warning msg="      | ^"
level=warning msg="/home/jerrytsai/unikraft/lib/uklcpu/arch/x86_64/include/uk/lcpu/arch/except.h:50:1: error: attribute(target("general-regs-only")) is unknown"
level=warning msg="   50 | {"
level=warning msg="      | ^"
level=warning msg="In file included from /home/jerrytsai/unikraft/lib/uklcpu/include/uk/lcpu.h:20,"
level=warning msg="                 from /home/jerrytsai/unikraft/lib/ukpm/include/uk/pm.h:17,"
level=warning msg="                 from /home/jerrytsai/unikraft/plat/kvm/x86/multiboot.c:11:"
level=warning msg="/home/jerrytsai/unikraft/lib/uklcpu/include/uk/lcpu/except.h:43:1: error: attribute(target("general-regs-only")) is unknown"
level=warning msg="   43 | {"
level=warning msg="      | ^"
level=warning msg="/home/jerrytsai/unikraft/lib/uklcpu/include/uk/lcpu/except.h:51:1: error: attribute(target("general-regs-only")) is unknown"
level=warning msg="   51 | {"
level=warning msg="      | ^"
level=warning msg="/home/jerrytsai/unikraft/lib/uklcpu/include/uk/lcpu/except.h:58:1: error: attribute(target("general-regs-only")) is unknown"
level=warning msg="   58 | {"
level=warning msg="      | ^"
level=warning msg="/home/jerrytsai/unikraft/lib/uklcpu/include/uk/lcpu/except.h:66:1: error: attribute(target("general-regs-only")) is unknown"
level=warning msg="   66 | {"
level=warning msg="      | ^"
level=warning msg="/home/jerrytsai/unikraft/lib/uklcpu/include/uk/lcpu/except.h:73:1: error: attribute(target("general-regs-only")) is unknown"
level=warning msg="   73 | {"
level=warning msg="      | ^"
level=warning msg="/home/jerrytsai/unikraft/lib/uklcpu/include/uk/lcpu/except.h:81:1: error: attribute(target("general-regs-only")) is unknown"
level=warning msg="   81 | {"
level=warning msg="      | ^"
level=warning msg="/home/jerrytsai/unikraft/lib/uklcpu/include/uk/lcpu/except.h:88:1: error: attribute(target("general-regs-only")) is unknown"
level=warning msg="   88 | {"
level=warning msg="      | ^"
level=warning msg="/home/jerrytsai/unikraft/lib/uklcpu/include/uk/lcpu/except.h:96:1: error: attribute(target("general-regs-only")) is unknown"
level=warning msg="   96 | {"
level=warning msg="      | ^"
level=warning msg="/home/jerrytsai/unikraft/lib/uklcpu/include/uk/lcpu/except.h:106:1: error: attribute(target("general-regs-only")) is unknown"
level=warning msg="  106 | {"
level=warning msg="      | ^"
level=warning msg="/home/jerrytsai/unikraft/lib/uklcpu/include/uk/lcpu/except.h:114:1: error: attribute(target("general-regs-only")) is unknown"
level=warning msg="  114 | {"
level=warning msg="      | ^"
level=warning msg="/home/jerrytsai/unikraft/lib/uklcpu/include/uk/lcpu/except.h:122:1: error: attribute(target("general-regs-only")) is unknown"
level=warning msg="  122 | {"
level=warning msg="      | ^"
level=warning msg="/home/jerrytsai/unikraft/lib/uklcpu/include/uk/lcpu/except.h:130:1: error: attribute(target("general-regs-only")) is unknown"
level=warning msg="  130 | {"
level=warning msg="      | ^"
level=warning msg="/home/jerrytsai/unikraft/lib/uklcpu/include/uk/lcpu/except.h:135:1: error: attribute(target("general-regs-only")) is unknown"
level=warning msg="  135 | {"
level=warning msg="      | ^"
level=warning msg="/home/jerrytsai/unikraft/lib/uklcpu/include/uk/lcpu/except.h:140:1: error: attribute(target("general-regs-only")) is unknown"
level=warning msg="  140 | {"
level=warning msg="      | ^"
level=warning msg="/home/jerrytsai/unikraft/lib/uklcpu/include/uk/lcpu/except.h:145:1: error: attribute(target("general-regs-only")) is unknown"
level=warning msg="  145 | {"
level=warning msg="      | ^"
level=warning msg="/home/jerrytsai/unikraft/lib/uklcpu/include/uk/lcpu/except.h:150:1: error: attribute(target("general-regs-only")) is unknown"
level=warning msg="  150 | {"
level=warning msg="      | ^"
level=warning msg="/home/jerrytsai/unikraft/lib/uklcpu/include/uk/lcpu/except.h:155:1: error: attribute(target("general-regs-only")) is unknown"
level=warning msg="  155 | {"
level=warning msg="      | ^"
level=warning msg="/home/jerrytsai/unikraft/lib/uklcpu/include/uk/lcpu/except.h:165:1: error: attribute(target("general-regs-only")) is unknown"
level=warning msg="  165 | {"
level=warning msg="      | ^"
level=warning msg="/home/jerrytsai/unikraft/lib/uklcpu/include/uk/lcpu/except.h:170:1: error: attribute(target("general-regs-only")) is unknown"
level=warning msg="  170 | {"
level=warning msg="      | ^"
level=warning msg="In file included from /home/jerrytsai/unikraft/lib/uklcpu/include/uk/lcpu/regs.h:11,"
level=warning msg="                 from /home/jerrytsai/unikraft/lib/uklcpu/include/uk/lcpu.h:22,"
level=warning msg="                 from /home/jerrytsai/unikraft/lib/ukpm/include/uk/pm.h:17,"
level=warning msg="                 from /home/jerrytsai/unikraft/plat/kvm/x86/multiboot.c:11:"
level=warning msg="/home/jerrytsai/unikraft/plat/native/pal/include/uk/plat/pal/regs.h:30:1: error: attribute(target("general-regs-only")) is unknown"
level=warning msg="   30 | {"
level=warning msg="      | ^"
level=warning msg="/home/jerrytsai/unikraft/plat/native/pal/include/uk/plat/pal/regs.h:37:1: error: attribute(target("general-regs-only")) is unknown"
level=warning msg="   37 | {"
level=warning msg="      | ^"
level=warning msg="In file included from /home/jerrytsai/unikraft/lib/uklcpu/include/uk/lcpu/regs.h:12,"
level=warning msg="                 from /home/jerrytsai/unikraft/lib/uklcpu/include/uk/lcpu.h:22,"
level=warning msg="                 from /home/jerrytsai/unikraft/lib/ukpm/include/uk/pm.h:17,"
level=warning msg="                 from /home/jerrytsai/unikraft/plat/kvm/x86/multiboot.c:11:"
level=warning msg="/home/jerrytsai/unikraft/lib/ukpal/include/uk/pal/regs.h:63:42: error: attribute(target("general-regs-only")) is unknown"
level=warning msg="   63 | __isr __u64 uk_pal_regs_get(const struct uk_pal_regs *regs, __sz offset);"
level=warning msg="      |                                          ^~~~~~~~~~~"
level=warning msg="/home/jerrytsai/unikraft/lib/ukpal/include/uk/pal/regs.h:72:35: error: attribute(target("general-regs-only")) is unknown"
level=warning msg="   72 | __isr void uk_pal_regs_set(struct uk_pal_regs *regs, __sz offset, __u64 val);"
level=warning msg="      |                                   ^~~~~~~~~~~"
level=warning msg="In file included from /home/jerrytsai/unikraft/plat/native/pal/include/uk/plat/pal/sysctx.h:11,"
level=warning msg="                 from /home/jerrytsai/unikraft/lib/uklcpu/include/uk/lcpu/sysctx.h:11,"
level=warning msg="                 from /home/jerrytsai/unikraft/lib/uklcpu/include/uk/lcpu.h:24,"
level=warning msg="                 from /home/jerrytsai/unikraft/lib/ukpm/include/uk/pm.h:17,"
level=warning msg="                 from /home/jerrytsai/unikraft/plat/kvm/x86/multiboot.c:11:"
level=warning msg="/home/jerrytsai/unikraft/plat/native/arch/x86_64/include/uk/plat/native/arch/sysctx.h:91:1: error: attribute(target("general-regs-only")) is unknown"
level=warning msg="   91 | {"
level=warning msg="      | ^"
level=warning msg="/home/jerrytsai/unikraft/plat/native/arch/x86_64/include/uk/plat/native/arch/sysctx.h:106:1: error: attribute(target("general-regs-only")) is unknown"
level=warning msg="  106 | {"
level=warning msg="      | ^"
level=warning msg="/home/jerrytsai/unikraft/plat/native/arch/x86_64/include/uk/plat/native/arch/sysctx.h:129:1: error: attribute(target("general-regs-only")) is unknown"
level=warning msg="  129 | {"
level=warning msg="      | ^"
level=warning msg="/home/jerrytsai/unikraft/plat/native/arch/x86_64/include/uk/plat/native/arch/sysctx.h:140:1: error: attribute(target("general-regs-only")) is unknown"
level=warning msg="  140 | {"
level=warning msg="      | ^"
level=warning msg="/home/jerrytsai/unikraft/plat/native/arch/x86_64/include/uk/plat/native/arch/sysctx.h:151:47: error: attribute(target("general-regs-only")) is unknown"
level=warning msg="  151 | __isr void uk_plat_native_sysctx_store(struct uk_plat_native_sysctx *sysctx);"
level=warning msg="      |                                               ^~~~~~~~~~~~~~~~~~~~~"
level=warning msg="/home/jerrytsai/unikraft/plat/native/arch/x86_64/include/uk/plat/native/arch/sysctx.h:160:46: error: attribute(target("general-regs-only")) is unknown"
level=warning msg="  160 | __isr void uk_plat_native_sysctx_load(struct uk_plat_native_sysctx *sysctx);"
level=warning msg="      |                                              ^~~~~~~~~~~~~~~~~~~~~"
level=warning msg="In file included from /home/jerrytsai/unikraft/lib/uklcpu/include/uk/lcpu/sysctx.h:11,"
level=warning msg="                 from /home/jerrytsai/unikraft/lib/uklcpu/include/uk/lcpu.h:24,"
level=warning msg="                 from /home/jerrytsai/unikraft/lib/ukpm/include/uk/pm.h:17,"
level=warning msg="                 from /home/jerrytsai/unikraft/plat/kvm/x86/multiboot.c:11:"
level=warning msg="/home/jerrytsai/unikraft/plat/native/pal/include/uk/plat/pal/sysctx.h:33:1: error: attribute(target("general-regs-only")) is unknown"
level=warning msg="   33 | {"
level=warning msg="      | ^"
level=warning msg="/home/jerrytsai/unikraft/plat/native/pal/include/uk/plat/pal/sysctx.h:41:1: error: attribute(target("general-regs-only")) is unknown"
level=warning msg="   41 | {"
level=warning msg="      | ^"
level=warning msg="/home/jerrytsai/unikraft/plat/native/pal/include/uk/plat/pal/sysctx.h:47:1: error: attribute(target("general-regs-only")) is unknown"
level=warning msg="   47 | {"
level=warning msg="      | ^"
level=warning msg="/home/jerrytsai/unikraft/plat/native/pal/include/uk/plat/pal/sysctx.h:52:1: error: attribute(target("general-regs-only")) is unknown"
level=warning msg="   52 | {"
level=warning msg="      | ^"
level=warning msg="/home/jerrytsai/unikraft/plat/native/pal/include/uk/plat/pal/sysctx.h:57:1: error: attribute(target("general-regs-only")) is unknown"
level=warning msg="   57 | {"
level=warning msg="      | ^"
level=warning msg="/home/jerrytsai/unikraft/plat/native/pal/include/uk/plat/pal/sysctx.h:62:1: error: attribute(target("general-regs-only")) is unknown"
level=warning msg="   62 | {"
level=warning msg="      | ^"
level=warning msg="In file included from /home/jerrytsai/unikraft/lib/uklcpu/include/uk/lcpu/sysctx.h:12,"
level=warning msg="                 from /home/jerrytsai/unikraft/lib/uklcpu/include/uk/lcpu.h:24,"
level=warning msg="                 from /home/jerrytsai/unikraft/lib/ukpm/include/uk/pm.h:17,"
level=warning msg="                 from /home/jerrytsai/unikraft/plat/kvm/x86/multiboot.c:11:"
level=warning msg="/home/jerrytsai/unikraft/lib/ukpal/include/uk/pal/sysctx.h:60:44: error: attribute(target("general-regs-only")) is unknown"
level=warning msg="   60 | __isr __u64 uk_pal_sysctx_get(const struct uk_pal_sysctx *sc, __sz offset);"
level=warning msg="      |                                            ^~~~~~~~~~~~~"
level=warning msg="/home/jerrytsai/unikraft/lib/ukpal/include/uk/pal/sysctx.h:69:37: error: attribute(target("general-regs-only")) is unknown"
level=warning msg="   69 | __isr void uk_pal_sysctx_set(struct uk_pal_sysctx *sc, __sz offset, __u64 val);"
level=warning msg="      |                                     ^~~~~~~~~~~~~"
level=warning msg="/home/jerrytsai/unikraft/lib/ukpal/include/uk/pal/sysctx.h:76:39: error: attribute(target("general-regs-only")) is unknown"
level=warning msg="   76 | __isr void uk_pal_sysctx_store(struct uk_pal_sysctx *sysctx);"
level=warning msg="      |                                       ^~~~~~~~~~~~~"
level=warning msg="/home/jerrytsai/unikraft/lib/ukpal/include/uk/pal/sysctx.h:83:38: error: attribute(target("general-regs-only")) is unknown"
level=warning msg="   83 | __isr void uk_pal_sysctx_load(struct uk_pal_sysctx *sysctx);"
level=warning msg="      |                                      ^~~~~~~~~~~~~"
level=warning msg="/home/jerrytsai/unikraft/lib/ukpal/include/uk/pal/sysctx.h:90:1: error: attribute(target("general-regs-only")) is unknown"
level=warning msg="   90 | __isr __uptr uk_pal_tlsp_get(void);"
level=warning msg="      | ^~~~~"
level=warning msg="/home/jerrytsai/unikraft/lib/ukpal/include/uk/pal/sysctx.h:97:1: error: attribute(target("general-regs-only")) is unknown"
level=warning msg="   97 | __isr void uk_pal_tlsp_set(__uptr tlsp);"
level=warning msg="      | ^~~~~"
level=warning msg="In file included from /home/jerrytsai/unikraft/lib/uklcpu/include/uk/lcpu.h:24,"
level=warning msg="                 from /home/jerrytsai/unikraft/lib/ukpm/include/uk/pm.h:17,"
level=warning msg="                 from /home/jerrytsai/unikraft/plat/kvm/x86/multiboot.c:11:"
level=warning msg="/home/jerrytsai/unikraft/lib/uklcpu/include/uk/lcpu/sysctx.h:33:1: error: attribute(target("general-regs-only")) is unknown"
level=warning msg="   33 | {"
level=warning msg="      | ^"
level=warning msg="/home/jerrytsai/unikraft/lib/uklcpu/include/uk/lcpu/sysctx.h:38:1: error: attribute(target("general-regs-only")) is unknown"
level=warning msg="   38 | {"
level=warning msg="      | ^"
level=warning msg="/home/jerrytsai/unikraft/lib/uklcpu/include/uk/lcpu/sysctx.h:43:1: error: attribute(target("general-regs-only")) is unknown"
level=warning msg="   43 | {"
level=warning msg="      | ^"
level=warning msg="/home/jerrytsai/unikraft/lib/uklcpu/include/uk/lcpu/sysctx.h:48:1: error: attribute(target("general-regs-only")) is unknown"
level=warning msg="   48 | {"
level=warning msg="      | ^"
level=warning msg="In file included from /home/jerrytsai/unikraft/lib/ukpm/include/uk/pm.h:17,"
level=warning msg="                 from /home/jerrytsai/unikraft/plat/kvm/x86/multiboot.c:11:"
level=warning msg="/home/jerrytsai/unikraft/lib/uklcpu/include/uk/lcpu.h:303:1: error: attribute(target("general-regs-only")) is unknown"
level=warning msg="  303 | __isr __u64 uk_lcpu_get_current_idx_in_except(void);"
level=warning msg="      | ^~~~~"
level=warning msg="In file included from /home/jerrytsai/unikraft/plat/kvm/x86/multiboot.c:11:"
level=warning msg="/home/jerrytsai/unikraft/lib/ukpm/include/uk/pm.h:33:1: error: attribute(target("general-regs-only")) is unknown"
level=warning msg="   33 | {"
level=warning msg="      | ^"
level=warning msg="/home/jerrytsai/unikraft/lib/ukpm/include/uk/pm.h:116:37: error: attribute(target("general-regs-only")) is unknown"
level=warning msg="  116 | int uk_pm_ops_register(const struct uk_pm_ops *ops) __isr;"
level=warning msg="      |                                     ^~~~~~~~~"
level=warning msg="/home/jerrytsai/unikraft/lib/ukpm/include/uk/pm.h:134:1: error: attribute(target("general-regs-only")) is unknown"
level=warning msg="  134 | void uk_pm_syshalt(void) __noreturn __isr;"
level=warning msg="      | ^~~~"
level=warning msg="/home/jerrytsai/unikraft/lib/ukpm/include/uk/pm.h:139:1: error: attribute(target("general-regs-only")) is unknown"
level=warning msg="  139 | void uk_pm_sysrestart(void) __noreturn __isr;"
level=warning msg="      | ^~~~"
level=warning msg="/home/jerrytsai/unikraft/lib/ukpm/include/uk/pm.h:145:1: error: attribute(target("general-regs-only")) is unknown"
level=warning msg="  145 | int uk_pm_syssuspend(void) __isr;"
level=warning msg="      | ^~~"
level=warning msg="/home/jerrytsai/unikraft/lib/ukpm/include/uk/pm.h:150:1: error: attribute(target("general-regs-only")) is unknown"
level=warning msg="  150 | void uk_pm_syscrash(void) __noreturn __isr;"
level=warning msg="      | ^~~~"
level=warning msg="/home/jerrytsai/unikraft/lib/ukpm/include/uk/pm.h:160:38: error: attribute(target("general-regs-only")) is unknown"
level=warning msg="  160 | void uk_pm_raise_shutdown_event(enum uk_pm_shutdown_op op) __isr;"
level=warning msg="      |                                      ^~~~~~~~~~~~~~~~~"
level=warning msg="/home/jerrytsai/unikraft/lib/ukpm/include/uk/pm.h:168:26: error: attribute(target("general-regs-only")) is unknown"
level=warning msg="  168 | void uk_pm_shutdown(enum uk_pm_shutdown_op op) __noreturn __isr;"
level=warning msg="      |                          ^~~~~~~~~~~~~~~~~"
level=warning msg="In file included from /home/jerrytsai/unikraft/lib/ukdebug/include/uk/assert.h:44,"
level=warning msg="                 from /home/jerrytsai/unikraft/lib/ukalloc/include/uk/alloc.h:40,"
level=warning msg="                 from /home/jerrytsai/unikraft/include/uk/plat/memory.h:39,"
level=warning msg="                 from /home/jerrytsai/unikraft/plat/common/include/uk/plat/common/bootinfo.h:12,"
level=warning msg="                 from /home/jerrytsai/unikraft/plat/kvm/x86/multiboot.c:12:"
level=warning msg="/home/jerrytsai/unikraft/lib/ukprint/include/uk/print.h:67:7: error: attribute(target("general-regs-only")) is unknown"
level=warning msg="   67 |       unsigned int srcline, const char *fmt, va_list ap);"
level=warning msg="      |       ^~~~~~~~"
level=warning msg="/home/jerrytsai/unikraft/lib/ukprint/include/uk/print.h:70:6: error: attribute(target("general-regs-only")) is unknown"
level=warning msg="   70 |      const char *fmt, ...) __printf(5, 6);"
level=warning msg="      |      ^~~~~"
level=warning msg="make[3]: *** [/home/jerrytsai/unikraft/support/build/Makefile.build:49: /home/jerrytsai/vm-final-project/.unikraft/build/libkvmplat/multiboot.o] Error 1"
level=warning msg="make[3]: *** Waiting for unfinished jobs...."
level=info msg="  AS      libkvmplat: lcpu_start.o"
level=info msg="  CC      libkvmplat: tscclock.o"
level=warning msg="In file included from /home/jerrytsai/unikraft/plat/native/pal/include/uk/plat/pal/ectx.h:11,"
level=warning msg="                 from /home/jerrytsai/unikraft/lib/uklcpu/include/uk/lcpu/ectx.h:11,"
level=warning msg="                 from /home/jerrytsai/unikraft/lib/uklcpu/include/uk/lcpu.h:19,"
level=warning msg="                 from /home/jerrytsai/unikraft/plat/kvm/x86/tscclock.c:58:"
level=warning msg="/home/jerrytsai/unikraft/plat/native/arch/x86_64/include/uk/plat/native/arch/ectx.h:70:48: error: attribute(target("general-regs-only")) is unknown"
level=warning msg="   70 | __isr void uk_plat_native_ectx_sanitize(struct uk_plat_native_ectx *state);"
level=warning msg="      |                                                ^~~~~~~~~~~~~~~~~~~"
level=warning msg="/home/jerrytsai/unikraft/plat/native/arch/x86_64/include/uk/plat/native/arch/ectx.h:79:45: error: attribute(target("general-regs-only")) is unknown"
level=warning msg="   79 | __isr void uk_plat_native_ectx_store(struct uk_plat_native_ectx *state);"
level=warning msg="      |                                             ^~~~~~~~~~~~~~~~~~~"
level=warning msg="/home/jerrytsai/unikraft/plat/native/arch/x86_64/include/uk/plat/native/arch/ectx.h:90:44: error: attribute(target("general-regs-only")) is unknown"
level=warning msg="   90 | __isr void uk_plat_native_ectx_load(struct uk_plat_native_ectx *state);"
level=warning msg="      |                                            ^~~~~~~~~~~~~~~~~~~"
level=warning msg="/home/jerrytsai/unikraft/plat/native/arch/x86_64/include/uk/plat/native/arch/ectx.h:99:44: error: attribute(target("general-regs-only")) is unknown"
level=warning msg="   99 | __isr void uk_plat_native_ectx_init(struct uk_plat_native_ectx *state);"
level=warning msg="      |                                            ^~~~~~~~~~~~~~~~~~~"
level=warning msg="/home/jerrytsai/unikraft/plat/native/arch/x86_64/include/uk/plat/native/arch/ectx.h:110:52: error: attribute(target("general-regs-only")) is unknown"
level=warning msg="  110 | __isr void uk_plat_native_ectx_assert_equal(struct uk_plat_native_ectx *state);"
level=warning msg="      |                                                    ^~~~~~~~~~~~~~~~~~~"
level=warning msg="In file included from /home/jerrytsai/unikraft/lib/uklcpu/include/uk/lcpu/ectx.h:11,"
level=warning msg="                 from /home/jerrytsai/unikraft/lib/uklcpu/include/uk/lcpu.h:19,"
level=warning msg="                 from /home/jerrytsai/unikraft/plat/kvm/x86/tscclock.c:58:"
level=warning msg="/home/jerrytsai/unikraft/plat/native/pal/include/uk/plat/pal/ectx.h:29:1: error: attribute(target("general-regs-only")) is unknown"
level=warning msg="   29 | {"
level=warning msg="      | ^"
level=warning msg="/home/jerrytsai/unikraft/plat/native/pal/include/uk/plat/pal/ectx.h:34:1: error: attribute(target("general-regs-only")) is unknown"
level=warning msg="   34 | {"
level=warning msg="      | ^"
level=warning msg="/home/jerrytsai/unikraft/plat/native/pal/include/uk/plat/pal/ectx.h:39:1: error: attribute(target("general-regs-only")) is unknown"
level=warning msg="   39 | {"
level=warning msg="      | ^"
level=warning msg="/home/jerrytsai/unikraft/plat/native/pal/include/uk/plat/pal/ectx.h:44:1: error: attribute(target("general-regs-only")) is unknown"
level=warning msg="   44 | {"
level=warning msg="      | ^"
level=warning msg="/home/jerrytsai/unikraft/plat/native/pal/include/uk/plat/pal/ectx.h:49:1: error: attribute(target("general-regs-only")) is unknown"
level=warning msg="   49 | {"
level=warning msg="      | ^"
level=warning msg="In file included from /home/jerrytsai/unikraft/lib/uklcpu/include/uk/lcpu/ectx.h:12,"
level=warning msg="                 from /home/jerrytsai/unikraft/lib/uklcpu/include/uk/lcpu.h:19,"
level=warning msg="                 from /home/jerrytsai/unikraft/plat/kvm/x86/tscclock.c:58:"
level=warning msg="/home/jerrytsai/unikraft/lib/ukpal/include/uk/pal/ectx.h:63:40: error: attribute(target("general-regs-only")) is unknown"
level=warning msg="   63 | __isr void uk_pal_ectx_sanitize(struct uk_pal_ectx *state);"
level=warning msg="      |                                        ^~~~~~~~~~~"
level=warning msg="/home/jerrytsai/unikraft/lib/ukpal/include/uk/pal/ectx.h:79:37: error: attribute(target("general-regs-only")) is unknown"
level=warning msg="   79 | __isr void uk_pal_ectx_store(struct uk_pal_ectx *state);"
level=warning msg="      |                                     ^~~~~~~~~~~"
level=warning msg="/home/jerrytsai/unikraft/lib/ukpal/include/uk/pal/ectx.h:87:36: error: attribute(target("general-regs-only")) is unknown"
level=warning msg="   87 | __isr void uk_pal_ectx_load(struct uk_pal_ectx *state);"
level=warning msg="      |                                    ^~~~~~~~~~~"
level=warning msg="/home/jerrytsai/unikraft/lib/ukpal/include/uk/pal/ectx.h:96:44: error: attribute(target("general-regs-only")) is unknown"
level=warning msg="   96 | __isr void uk_pal_ectx_assert_equal(struct uk_pal_ectx *state);"
level=warning msg="      |                                            ^~~~~~~~~~~"
level=warning msg="In file included from /home/jerrytsai/unikraft/lib/uklcpu/include/uk/lcpu.h:19,"
level=warning msg="                 from /home/jerrytsai/unikraft/plat/kvm/x86/tscclock.c:58:"
level=warning msg="/home/jerrytsai/unikraft/lib/uklcpu/include/uk/lcpu/ectx.h:34:1: error: attribute(target("general-regs-only")) is unknown"
level=warning msg="   34 | {"
level=warning msg="      | ^"
level=warning msg="/home/jerrytsai/unikraft/lib/uklcpu/include/uk/lcpu/ectx.h:39:1: error: attribute(target("general-regs-only")) is unknown"
level=warning msg="   39 | {"
level=warning msg="      | ^"
level=warning msg="/home/jerrytsai/unikraft/lib/uklcpu/include/uk/lcpu/ectx.h:44:1: error: attribute(target("general-regs-only")) is unknown"
level=warning msg="   44 | {"
level=warning msg="      | ^"
level=warning msg="/home/jerrytsai/unikraft/lib/uklcpu/include/uk/lcpu/ectx.h:49:1: error: attribute(target("general-regs-only")) is unknown"
level=warning msg="   49 | {"
level=warning msg="      | ^"
level=warning msg="/home/jerrytsai/unikraft/lib/uklcpu/include/uk/lcpu/ectx.h:54:1: error: attribute(target("general-regs-only")) is unknown"
level=warning msg="   54 | {"
level=warning msg="      | ^"
level=warning msg="In file included from /home/jerrytsai/unikraft/plat/native/arch/x86_64/include/uk/plat/native/arch/except.h:14,"
level=warning msg="                 from /home/jerrytsai/unikraft/plat/native/pal/include/uk/plat/pal/except.h:11,"
level=warning msg="                 from /home/jerrytsai/unikraft/lib/uklcpu/include/uk/lcpu/except.h:11,"
level=warning msg="                 from /home/jerrytsai/unikraft/lib/uklcpu/include/uk/lcpu.h:20,"
level=warning msg="                 from /home/jerrytsai/unikraft/plat/kvm/x86/tscclock.c:58:"
level=warning msg="/home/jerrytsai/unikraft/plat/native/arch/x86_64/include/uk/plat/native/arch/regs.h:187:1: error: attribute(target("general-regs-only")) is unknown"
level=warning msg="  187 | {"
level=warning msg="      | ^"
level=warning msg="/home/jerrytsai/unikraft/plat/native/arch/x86_64/include/uk/plat/native/arch/regs.h:203:1: error: attribute(target("general-regs-only")) is unknown"
level=warning msg="  203 | {"
level=warning msg="      | ^"
level=warning msg="In file included from /home/jerrytsai/unikraft/plat/native/pal/include/uk/plat/pal/except.h:11,"
level=warning msg="                 from /home/jerrytsai/unikraft/lib/uklcpu/include/uk/lcpu/except.h:11,"
level=warning msg="                 from /home/jerrytsai/unikraft/lib/uklcpu/include/uk/lcpu.h:20,"
level=warning msg="                 from /home/jerrytsai/unikraft/plat/kvm/x86/tscclock.c:58:"
level=warning msg="/home/jerrytsai/unikraft/plat/native/arch/x86_64/include/uk/plat/native/arch/except.h:68:1: error: attribute(target("general-regs-only")) is unknown"
level=warning msg="   68 | {"
level=warning msg="      | ^"
level=warning msg="/home/jerrytsai/unikraft/plat/native/arch/x86_64/include/uk/plat/native/arch/except.h:76:1: error: attribute(target("general-regs-only")) is unknown"
level=warning msg="   76 | {"
level=warning msg="      | ^"
level=warning msg="/home/jerrytsai/unikraft/plat/native/arch/x86_64/include/uk/plat/native/arch/except.h:83:1: error: attribute(target("general-regs-only")) is unknown"
level=warning msg="   83 | {"
level=warning msg="      | ^"
level=warning msg="/home/jerrytsai/unikraft/plat/native/arch/x86_64/include/uk/plat/native/arch/except.h:91:1: error: attribute(target("general-regs-only")) is unknown"
level=warning msg="   91 | {"
level=warning msg="      | ^"
level=warning msg="/home/jerrytsai/unikraft/plat/native/arch/x86_64/include/uk/plat/native/arch/except.h:98:1: error: attribute(target("general-regs-only")) is unknown"
level=warning msg="   98 | {"
level=warning msg="      | ^"
level=warning msg="/home/jerrytsai/unikraft/plat/native/arch/x86_64/include/uk/plat/native/arch/except.h:106:1: error: attribute(target("general-regs-only")) is unknown"
level=warning msg="  106 | {"
level=warning msg="      | ^"
level=warning msg="/home/jerrytsai/unikraft/plat/native/arch/x86_64/include/uk/plat/native/arch/except.h:113:1: error: attribute(target("general-regs-only")) is unknown"
level=warning msg="  113 | {"
level=warning msg="      | ^"
level=warning msg="/home/jerrytsai/unikraft/plat/native/arch/x86_64/include/uk/plat/native/arch/except.h:121:1: error: attribute(target("general-regs-only")) is unknown"
level=warning msg="  121 | {"
level=warning msg="      | ^"
level=warning msg="/home/jerrytsai/unikraft/plat/native/arch/x86_64/include/uk/plat/native/arch/except.h:128:1: error: attribute(target("general-regs-only")) is unknown"
level=warning msg="  128 | {"
level=warning msg="      | ^"
level=warning msg="/home/jerrytsai/unikraft/plat/native/arch/x86_64/include/uk/plat/native/arch/except.h:136:1: error: attribute(target("general-regs-only")) is unknown"
level=warning msg="  136 | {"
level=warning msg="      | ^"
level=warning msg="/home/jerrytsai/unikraft/plat/native/arch/x86_64/include/uk/plat/native/arch/except.h:143:1: error: attribute(target("general-regs-only")) is unknown"
level=warning msg="  143 | {"
level=warning msg="      | ^"
level=warning msg="/home/jerrytsai/unikraft/plat/native/arch/x86_64/include/uk/plat/native/arch/except.h:151:1: error: attribute(target("general-regs-only")) is unknown"
level=warning msg="  151 | {"
level=warning msg="      | ^"
level=warning msg="/home/jerrytsai/unikraft/plat/native/arch/x86_64/include/uk/plat/native/arch/except.h:170:1: error: attribute(target("general-regs-only")) is unknown"
level=warning msg="  170 | {"
level=warning msg="      | ^"
level=warning msg="/home/jerrytsai/unikraft/plat/native/arch/x86_64/include/uk/plat/native/arch/except.h:178:1: error: attribute(target("general-regs-only")) is unknown"
level=warning msg="  178 | {"
level=warning msg="      | ^"
level=warning msg="/home/jerrytsai/unikraft/plat/native/arch/x86_64/include/uk/plat/native/arch/except.h:185:1: error: attribute(target("general-regs-only")) is unknown"
level=warning msg="  185 | {"
level=warning msg="      | ^"
level=warning msg="/home/jerrytsai/unikraft/plat/native/arch/x86_64/include/uk/plat/native/arch/except.h:193:1: error: attribute(target("general-regs-only")) is unknown"
level=warning msg="  193 | {"
level=warning msg="      | ^"
level=warning msg="/home/jerrytsai/unikraft/plat/native/arch/x86_64/include/uk/plat/native/arch/except.h:203:1: error: attribute(target("general-regs-only")) is unknown"
level=warning msg="  203 | __isr int uk_plat_native_except_init(void);"
level=warning msg="      | ^~~~~"
level=warning msg="/home/jerrytsai/unikraft/plat/native/arch/x86_64/include/uk/plat/native/arch/except.h:210:1: error: attribute(target("general-regs-only")) is unknown"
level=warning msg="  210 | {"
level=warning msg="      | ^"
level=warning msg="/home/jerrytsai/unikraft/plat/native/arch/x86_64/include/uk/plat/native/arch/except.h:220:1: error: attribute(target("general-regs-only")) is unknown"
level=warning msg="  220 | {"
level=warning msg="      | ^"
level=warning msg="/home/jerrytsai/unikraft/plat/native/arch/x86_64/include/uk/plat/native/arch/except.h:232:1: error: attribute(target("general-regs-only")) is unknown"
level=warning msg="  232 | {"
level=warning msg="      | ^"
level=warning msg="/home/jerrytsai/unikraft/plat/native/arch/x86_64/include/uk/plat/native/arch/except.h:248:1: error: attribute(target("general-regs-only")) is unknown"
level=warning msg="  248 | {"
level=warning msg="      | ^"
level=warning msg="/home/jerrytsai/unikraft/plat/native/arch/x86_64/include/uk/plat/native/arch/except.h:261:1: error: attribute(target("general-regs-only")) is unknown"
level=warning msg="  261 | {"
level=warning msg="      | ^"
level=warning msg="/home/jerrytsai/unikraft/plat/native/arch/x86_64/include/uk/plat/native/arch/except.h:277:1: error: attribute(target("general-regs-only")) is unknown"
level=warning msg="  277 | __isr __uptr uk_plat_native_except_get_except_stack_base(void);"
level=warning msg="      | ^~~~~"
level=warning msg="/home/jerrytsai/unikraft/plat/native/arch/x86_64/include/uk/plat/native/arch/except.h:284:1: error: attribute(target("general-regs-only")) is unknown"
level=warning msg="  284 | __isr void uk_plat_native_except_push_nested(void);"
level=warning msg="      | ^~~~~"
level=warning msg="/home/jerrytsai/unikraft/plat/native/arch/x86_64/include/uk/plat/native/arch/except.h:291:1: error: attribute(target("general-regs-only")) is unknown"
level=warning msg="  291 | __isr void uk_plat_native_except_pop_nested(void);"
level=warning msg="      | ^~~~~"
level=warning msg="In file included from /home/jerrytsai/unikraft/plat/native/pal/include/uk/plat/pal/except.h:12,"
level=warning msg="                 from /home/jerrytsai/unikraft/lib/uklcpu/include/uk/lcpu/except.h:11,"
level=warning msg="                 from /home/jerrytsai/unikraft/lib/uklcpu/include/uk/lcpu.h:20,"
level=warning msg="                 from /home/jerrytsai/unikraft/plat/kvm/x86/tscclock.c:58:"
level=warning msg="/home/jerrytsai/unikraft/plat/native/pal/arch/x86_64/include/uk/plat/pal/arch/except.h:25:1: error: attribute(target("general-regs-only")) is unknown"
level=warning msg="   25 | {"
level=warning msg="      | ^"
level=warning msg="/home/jerrytsai/unikraft/plat/native/pal/arch/x86_64/include/uk/plat/pal/arch/except.h:33:1: error: attribute(target("general-regs-only")) is unknown"
level=warning msg="   33 | {"
level=warning msg="      | ^"
level=warning msg="/home/jerrytsai/unikraft/plat/native/pal/arch/x86_64/include/uk/plat/pal/arch/except.h:41:1: error: attribute(target("general-regs-only")) is unknown"
level=warning msg="   41 | {"
level=warning msg="      | ^"
level=warning msg="/home/jerrytsai/unikraft/plat/native/pal/arch/x86_64/include/uk/plat/pal/arch/except.h:49:1: error: attribute(target("general-regs-only")) is unknown"
level=warning msg="   49 | {"
level=warning msg="      | ^"
level=warning msg="In file included from /home/jerrytsai/unikraft/lib/uklcpu/include/uk/lcpu/except.h:11,"
level=warning msg="                 from /home/jerrytsai/unikraft/lib/uklcpu/include/uk/lcpu.h:20,"
level=warning msg="                 from /home/jerrytsai/unikraft/plat/kvm/x86/tscclock.c:58:"
level=warning msg="/home/jerrytsai/unikraft/plat/native/pal/include/uk/plat/pal/except.h:42:1: error: attribute(target("general-regs-only")) is unknown"
level=warning msg="   42 | {"
level=warning msg="      | ^"
level=warning msg="/home/jerrytsai/unikraft/plat/native/pal/include/uk/plat/pal/except.h:50:1: error: attribute(target("general-regs-only")) is unknown"
level=warning msg="   50 | {"
level=warning msg="      | ^"
level=warning msg="/home/jerrytsai/unikraft/plat/native/pal/include/uk/plat/pal/except.h:57:1: error: attribute(target("general-regs-only")) is unknown"
level=warning msg="   57 | {"
level=warning msg="      | ^"
level=warning msg="/home/jerrytsai/unikraft/plat/native/pal/include/uk/plat/pal/except.h:65:1: error: attribute(target("general-regs-only")) is unknown"
level=warning msg="   65 | {"
level=warning msg="      | ^"
level=warning msg="/home/jerrytsai/unikraft/plat/native/pal/include/uk/plat/pal/except.h:72:1: error: attribute(target("general-regs-only")) is unknown"
level=warning msg="   72 | {"
level=warning msg="      | ^"
level=warning msg="/home/jerrytsai/unikraft/plat/native/pal/include/uk/plat/pal/except.h:80:1: error: attribute(target("general-regs-only")) is unknown"
level=warning msg="   80 | {"
level=warning msg="      | ^"
level=warning msg="/home/jerrytsai/unikraft/plat/native/pal/include/uk/plat/pal/except.h:88:1: error: attribute(target("general-regs-only")) is unknown"
level=warning msg="   88 | {"
level=warning msg="      | ^"
level=warning msg="/home/jerrytsai/unikraft/plat/native/pal/include/uk/plat/pal/except.h:96:1: error: attribute(target("general-regs-only")) is unknown"
level=warning msg="   96 | {"
level=warning msg="      | ^"
level=warning msg="/home/jerrytsai/unikraft/plat/native/pal/include/uk/plat/pal/except.h:105:1: error: attribute(target("general-regs-only")) is unknown"
level=warning msg="  105 | {"
level=warning msg="      | ^"
level=warning msg="/home/jerrytsai/unikraft/plat/native/pal/include/uk/plat/pal/except.h:113:1: error: attribute(target("general-regs-only")) is unknown"
level=warning msg="  113 | {"
level=warning msg="      | ^"
level=warning msg="/home/jerrytsai/unikraft/plat/native/pal/include/uk/plat/pal/except.h:121:1: error: attribute(target("general-regs-only")) is unknown"
level=warning msg="  121 | {"
level=warning msg="      | ^"
level=warning msg="/home/jerrytsai/unikraft/plat/native/pal/include/uk/plat/pal/except.h:129:1: error: attribute(target("general-regs-only")) is unknown"
level=warning msg="  129 | {"
level=warning msg="      | ^"
level=warning msg="/home/jerrytsai/unikraft/plat/native/pal/include/uk/plat/pal/except.h:135:1: error: attribute(target("general-regs-only")) is unknown"
level=warning msg="  135 | {"
level=warning msg="      | ^"
level=warning msg="/home/jerrytsai/unikraft/plat/native/pal/include/uk/plat/pal/except.h:140:1: error: attribute(target("general-regs-only")) is unknown"
level=warning msg="  140 | {"
level=warning msg="      | ^"
level=warning msg="/home/jerrytsai/unikraft/plat/native/pal/include/uk/plat/pal/except.h:145:1: error: attribute(target("general-regs-only")) is unknown"
level=warning msg="  145 | {"
level=warning msg="      | ^"
level=warning msg="/home/jerrytsai/unikraft/plat/native/pal/include/uk/plat/pal/except.h:150:1: error: attribute(target("general-regs-only")) is unknown"
level=warning msg="  150 | {"
level=warning msg="      | ^"
level=warning msg="/home/jerrytsai/unikraft/plat/native/pal/include/uk/plat/pal/except.h:155:1: error: attribute(target("general-regs-only")) is unknown"
level=warning msg="  155 | {"
level=warning msg="      | ^"
level=warning msg="/home/jerrytsai/unikraft/plat/native/pal/include/uk/plat/pal/except.h:165:1: error: attribute(target("general-regs-only")) is unknown"
level=warning msg="  165 | {"
level=warning msg="      | ^"
level=warning msg="/home/jerrytsai/unikraft/plat/native/pal/include/uk/plat/pal/except.h:170:1: error: attribute(target("general-regs-only")) is unknown"
level=warning msg="  170 | {"
level=warning msg="      | ^"
level=warning msg="/home/jerrytsai/unikraft/plat/native/pal/include/uk/plat/pal/except.h:175:1: error: attribute(target("general-regs-only")) is unknown"
level=warning msg="  175 | {"
level=warning msg="      | ^"
level=warning msg="/home/jerrytsai/unikraft/plat/native/pal/include/uk/plat/pal/except.h:180:1: error: attribute(target("general-regs-only")) is unknown"
level=warning msg="  180 | {"
level=warning msg="      | ^"
level=warning msg="In file included from /home/jerrytsai/unikraft/lib/ukpal/include/uk/pal/except.h:19,"
level=warning msg="                 from /home/jerrytsai/unikraft/lib/uklcpu/include/uk/lcpu/except.h:12,"
level=warning msg="                 from /home/jerrytsai/unikraft/lib/uklcpu/include/uk/lcpu.h:20,"
level=warning msg="                 from /home/jerrytsai/unikraft/plat/kvm/x86/tscclock.c:58:"
level=warning msg="/home/jerrytsai/unikraft/lib/ukpal/arch/x86_64/include/uk/pal/arch/except.h:25:15: error: attribute(target("general-regs-only")) is unknown"
level=warning msg="   25 |  const struct uk_pal_except_err_ctx *ctx);"
level=warning msg="      |               ^~~~~~~~~~~~~~~~~~~~~"
level=warning msg="/home/jerrytsai/unikraft/lib/ukpal/arch/x86_64/include/uk/pal/arch/except.h:29:2: error: attribute(target("general-regs-only")) is unknown"
level=warning msg="   29 |  __u32 trapnr);"
level=warning msg="      |  ^~~~~"
level=warning msg="/home/jerrytsai/unikraft/lib/ukpal/arch/x86_64/include/uk/pal/arch/except.h:32:15: error: attribute(target("general-regs-only")) is unknown"
level=warning msg="   32 |  const struct uk_pal_except_err_ctx *ctx);"
level=warning msg="      |               ^~~~~~~~~~~~~~~~~~~~~"
level=warning msg="/home/jerrytsai/unikraft/lib/ukpal/arch/x86_64/include/uk/pal/arch/except.h:36:2: error: attribute(target("general-regs-only")) is unknown"
level=warning msg="   36 |  __u64 error_code);"
level=warning msg="      |  ^~~~~"
level=warning msg="In file included from /home/jerrytsai/unikraft/lib/uklcpu/include/uk/lcpu/except.h:12,"
level=warning msg="                 from /home/jerrytsai/unikraft/lib/uklcpu/include/uk/lcpu.h:20,"
level=warning msg="                 from /home/jerrytsai/unikraft/plat/kvm/x86/tscclock.c:58:"
level=warning msg="/home/jerrytsai/unikraft/lib/ukpal/include/uk/pal/except.h:77:15: error: attribute(target("general-regs-only")) is unknown"
level=warning msg="   77 |  const struct uk_pal_except_err_ctx *ctx);"
level=warning msg="      |               ^~~~~~~~~~~~~~~~~~~~~"
level=warning msg="/home/jerrytsai/unikraft/lib/ukpal/include/uk/pal/except.h:81:2: error: attribute(target("general-regs-only")) is unknown"
level=warning msg="   81 |  const char *str);"
level=warning msg="      |  ^~~~~"
level=warning msg="/home/jerrytsai/unikraft/lib/ukpal/include/uk/pal/except.h:84:15: error: attribute(target("general-regs-only")) is unknown"
level=warning msg="   84 |  const struct uk_pal_except_err_ctx *ctx);"
level=warning msg="      |               ^~~~~~~~~~~~~~~~~~~~~"
level=warning msg="/home/jerrytsai/unikraft/lib/ukpal/include/uk/pal/except.h:88:2: error: attribute(target("general-regs-only")) is unknown"
level=warning msg="   88 |  int handler_err);"
level=warning msg="      |  ^~~"
level=warning msg="/home/jerrytsai/unikraft/lib/ukpal/include/uk/pal/except.h:91:15: error: attribute(target("general-regs-only")) is unknown"
level=warning msg="   91 |  const struct uk_pal_except_err_ctx *ctx);"
level=warning msg="      |               ^~~~~~~~~~~~~~~~~~~~~"
level=warning msg="/home/jerrytsai/unikraft/lib/ukpal/include/uk/pal/except.h:95:9: error: attribute(target("general-regs-only")) is unknown"
level=warning msg="   95 |  struct uk_pal_regs *regs);"
level=warning msg="      |         ^~~~~~~~~~~"
level=info msg="  CC      libkvmplat: setup.o"
level=warning msg="/home/jerrytsai/unikraft/lib/ukpal/include/uk/pal/except.h:98:15: error: attribute(target("general-regs-only")) is unknown"
level=warning msg="   98 |  const struct uk_pal_except_err_ctx *ctx);"
level=warning msg="      |               ^~~~~~~~~~~~~~~~~~~~~"
level=warning msg="/home/jerrytsai/unikraft/lib/ukpal/include/uk/pal/except.h:102:2: error: attribute(target("general-regs-only")) is unknown"
level=warning msg="  102 |  __u64 fault_addr);"
level=warning msg="      |  ^~~~~"
level=warning msg="/home/jerrytsai/unikraft/lib/ukpal/include/uk/pal/except.h:114:15: error: attribute(target("general-regs-only")) is unknown"
level=warning msg="  114 |  const struct uk_pal_except_irq_ctx *ctx);"
level=warning msg="      |               ^~~~~~~~~~~~~~~~~~~~~"
level=warning msg="/home/jerrytsai/unikraft/lib/ukpal/include/uk/pal/except.h:118:9: error: attribute(target("general-regs-only")) is unknown"
level=warning msg="  118 |  struct uk_pal_regs *regs);"
level=warning msg="      |         ^~~~~~~~~~~"
level=warning msg="/home/jerrytsai/unikraft/lib/ukpal/include/uk/pal/except.h:121:15: error: attribute(target("general-regs-only")) is unknown"
level=warning msg="  121 |  const struct uk_pal_except_irq_ctx *ctx);"
level=warning msg="      |               ^~~~~~~~~~~~~~~~~~~~~"
level=warning msg="/home/jerrytsai/unikraft/lib/ukpal/include/uk/pal/except.h:125:2: error: attribute(target("general-regs-only")) is unknown"
level=warning msg="  125 |  __u32 irq);"
level=warning msg="      |  ^~~~~"
level=warning msg="/home/jerrytsai/unikraft/lib/ukpal/include/uk/pal/except.h:133:1: error: attribute(target("general-regs-only")) is unknown"
level=warning msg="  133 | __isr void uk_pal_except_push_nested(void);"
level=warning msg="      | ^~~~~"
level=warning msg="/home/jerrytsai/unikraft/lib/ukpal/include/uk/pal/except.h:139:1: error: attribute(target("general-regs-only")) is unknown"
level=warning msg="  139 | __isr void uk_pal_except_pop_nested(void);"
level=warning msg="      | ^~~~~"
level=warning msg="/home/jerrytsai/unikraft/lib/ukpal/include/uk/pal/except.h:147:1: error: attribute(target("general-regs-only")) is unknown"
level=warning msg="  147 | __isr void uk_pal_disable_irq(void);"
level=warning msg="      | ^~~~~"
level=warning msg="/home/jerrytsai/unikraft/lib/ukpal/include/uk/pal/except.h:153:1: error: attribute(target("general-regs-only")) is unknown"
level=warning msg="  153 | __isr void uk_pal_enable_irq(void);"
level=warning msg="      | ^~~~~"
level=warning msg="/home/jerrytsai/unikraft/lib/ukpal/include/uk/pal/except.h:160:1: error: attribute(target("general-regs-only")) is unknown"
level=warning msg="  160 | __isr int uk_pal_irqs_disabled(void);"
level=warning msg="      | ^~~~~"
level=warning msg="/home/jerrytsai/unikraft/lib/ukpal/include/uk/pal/except.h:166:1: error: attribute(target("general-regs-only")) is unknown"
level=warning msg="  166 | __isr void uk_pal_irqs_handle_pending(void);"
level=warning msg="      | ^~~~~"
level=warning msg="/home/jerrytsai/unikraft/lib/ukpal/include/uk/pal/except.h:174:1: error: attribute(target("general-regs-only")) is unknown"
level=warning msg="  174 | __isr void uk_pal_restore_irqf(unsigned long flags);"
level=warning msg="      | ^~~~~"
level=warning msg="/home/jerrytsai/unikraft/lib/ukpal/include/uk/pal/except.h:182:1: error: attribute(target("general-regs-only")) is unknown"
level=warning msg="  182 | __isr unsigned long uk_pal_save_irqf(void);"
level=warning msg="      | ^~~~~"
level=warning msg="/home/jerrytsai/unikraft/lib/ukpal/include/uk/pal/except.h:189:1: error: attribute(target("general-regs-only")) is unknown"
level=warning msg="  189 | __isr __uptr uk_pal_except_get_except_stack_base(void);"
level=warning msg="      | ^~~~~"
level=warning msg="/home/jerrytsai/unikraft/lib/ukpal/include/uk/pal/except.h:196:1: error: attribute(target("general-regs-only")) is unknown"
level=warning msg="  196 | __isr int uk_pal_except_init(void);"
level=warning msg="      | ^~~~~"
level=warning msg="In file included from /home/jerrytsai/unikraft/lib/uklcpu/include/uk/lcpu/except.h:13,"
level=warning msg="                 from /home/jerrytsai/unikraft/lib/uklcpu/include/uk/lcpu.h:20,"
level=warning msg="                 from /home/jerrytsai/unikraft/plat/kvm/x86/tscclock.c:58:"
level=warning msg="/home/jerrytsai/unikraft/lib/uklcpu/arch/x86_64/include/uk/lcpu/arch/except.h:26:1: error: attribute(target("general-regs-only")) is unknown"
level=warning msg="   26 | {"
level=warning msg="      | ^"
level=warning msg="/home/jerrytsai/unikraft/lib/uklcpu/arch/x86_64/include/uk/lcpu/arch/except.h:34:1: error: attribute(target("general-regs-only")) is unknown"
level=warning msg="   34 | {"
level=warning msg="      | ^"
level=warning msg="/home/jerrytsai/unikraft/lib/uklcpu/arch/x86_64/include/uk/lcpu/arch/except.h:42:1: error: attribute(target("general-regs-only")) is unknown"
level=warning msg="   42 | {"
level=warning msg="      | ^"
level=warning msg="/home/jerrytsai/unikraft/lib/uklcpu/arch/x86_64/include/uk/lcpu/arch/except.h:50:1: error: attribute(target("general-regs-only")) is unknown"
level=warning msg="   50 | {"
level=warning msg="      | ^"
level=warning msg="In file included from /home/jerrytsai/unikraft/lib/uklcpu/include/uk/lcpu.h:20,"
level=warning msg="                 from /home/jerrytsai/unikraft/plat/kvm/x86/tscclock.c:58:"
level=warning msg="/home/jerrytsai/unikraft/lib/uklcpu/include/uk/lcpu/except.h:43:1: error: attribute(target("general-regs-only")) is unknown"
level=warning msg="   43 | {"
level=warning msg="      | ^"
level=warning msg="/home/jerrytsai/unikraft/lib/uklcpu/include/uk/lcpu/except.h:51:1: error: attribute(target("general-regs-only")) is unknown"
level=warning msg="   51 | {"
level=warning msg="      | ^"
level=warning msg="/home/jerrytsai/unikraft/lib/uklcpu/include/uk/lcpu/except.h:58:1: error: attribute(target("general-regs-only")) is unknown"
level=warning msg="   58 | {"
level=warning msg="      | ^"
level=warning msg="/home/jerrytsai/unikraft/lib/uklcpu/include/uk/lcpu/except.h:66:1: error: attribute(target("general-regs-only")) is unknown"
level=warning msg="   66 | {"
level=warning msg="      | ^"
level=warning msg="/home/jerrytsai/unikraft/lib/uklcpu/include/uk/lcpu/except.h:73:1: error: attribute(target("general-regs-only")) is unknown"
level=warning msg="   73 | {"
level=warning msg="      | ^"
level=warning msg="/home/jerrytsai/unikraft/lib/uklcpu/include/uk/lcpu/except.h:81:1: error: attribute(target("general-regs-only")) is unknown"
level=warning msg="   81 | {"
level=warning msg="      | ^"
level=warning msg="/home/jerrytsai/unikraft/lib/uklcpu/include/uk/lcpu/except.h:88:1: error: attribute(target("general-regs-only")) is unknown"
level=warning msg="   88 | {"
level=warning msg="      | ^"
level=warning msg="/home/jerrytsai/unikraft/lib/uklcpu/include/uk/lcpu/except.h:96:1: error: attribute(target("general-regs-only")) is unknown"
level=warning msg="   96 | {"
level=warning msg="      | ^"
level=warning msg="/home/jerrytsai/unikraft/lib/uklcpu/include/uk/lcpu/except.h:106:1: error: attribute(target("general-regs-only")) is unknown"
level=warning msg="  106 | {"
level=warning msg="      | ^"
level=warning msg="/home/jerrytsai/unikraft/lib/uklcpu/include/uk/lcpu/except.h:114:1: error: attribute(target("general-regs-only")) is unknown"
level=warning msg="  114 | {"
level=warning msg="      | ^"
level=warning msg="/home/jerrytsai/unikraft/lib/uklcpu/include/uk/lcpu/except.h:122:1: error: attribute(target("general-regs-only")) is unknown"
level=warning msg="  122 | {"
level=warning msg="      | ^"
level=warning msg="/home/jerrytsai/unikraft/lib/uklcpu/include/uk/lcpu/except.h:130:1: error: attribute(target("general-regs-only")) is unknown"
level=warning msg="  130 | {"
level=warning msg="      | ^"
level=warning msg="/home/jerrytsai/unikraft/lib/uklcpu/include/uk/lcpu/except.h:135:1: error: attribute(target("general-regs-only")) is unknown"
level=warning msg="  135 | {"
level=warning msg="      | ^"
level=warning msg="/home/jerrytsai/unikraft/lib/uklcpu/include/uk/lcpu/except.h:140:1: error: attribute(target("general-regs-only")) is unknown"
level=warning msg="  140 | {"
level=warning msg="      | ^"
level=warning msg="/home/jerrytsai/unikraft/lib/uklcpu/include/uk/lcpu/except.h:145:1: error: attribute(target("general-regs-only")) is unknown"
level=warning msg="  145 | {"
level=warning msg="      | ^"
level=warning msg="/home/jerrytsai/unikraft/lib/uklcpu/include/uk/lcpu/except.h:150:1: error: attribute(target("general-regs-only")) is unknown"
level=warning msg="  150 | {"
level=warning msg="      | ^"
level=warning msg="/home/jerrytsai/unikraft/lib/uklcpu/include/uk/lcpu/except.h:155:1: error: attribute(target("general-regs-only")) is unknown"
level=warning msg="  155 | {"
level=warning msg="      | ^"
level=warning msg="/home/jerrytsai/unikraft/lib/uklcpu/include/uk/lcpu/except.h:165:1: error: attribute(target("general-regs-only")) is unknown"
level=warning msg="  165 | {"
level=warning msg="      | ^"
level=warning msg="/home/jerrytsai/unikraft/lib/uklcpu/include/uk/lcpu/except.h:170:1: error: attribute(target("general-regs-only")) is unknown"
level=warning msg="  170 | {"
level=warning msg="      | ^"
level=warning msg="In file included from /home/jerrytsai/unikraft/lib/uklcpu/include/uk/lcpu/regs.h:11,"
level=warning msg="                 from /home/jerrytsai/unikraft/lib/uklcpu/include/uk/lcpu.h:22,"
level=warning msg="                 from /home/jerrytsai/unikraft/plat/kvm/x86/tscclock.c:58:"
level=warning msg="/home/jerrytsai/unikraft/plat/native/pal/include/uk/plat/pal/regs.h:30:1: error: attribute(target("general-regs-only")) is unknown"
level=warning msg="   30 | {"
level=warning msg="      | ^"
level=warning msg="/home/jerrytsai/unikraft/plat/native/pal/include/uk/plat/pal/regs.h:37:1: error: attribute(target("general-regs-only")) is unknown"
level=warning msg="   37 | {"
level=warning msg="      | ^"
level=warning msg="In file included from /home/jerrytsai/unikraft/lib/uklcpu/include/uk/lcpu/regs.h:12,"
level=warning msg="                 from /home/jerrytsai/unikraft/lib/uklcpu/include/uk/lcpu.h:22,"
level=warning msg="                 from /home/jerrytsai/unikraft/plat/kvm/x86/tscclock.c:58:"
level=warning msg="/home/jerrytsai/unikraft/lib/ukpal/include/uk/pal/regs.h:63:42: error: attribute(target("general-regs-only")) is unknown"
level=warning msg="   63 | __isr __u64 uk_pal_regs_get(const struct uk_pal_regs *regs, __sz offset);"
level=warning msg="      |                                          ^~~~~~~~~~~"
level=warning msg="/home/jerrytsai/unikraft/lib/ukpal/include/uk/pal/regs.h:72:35: error: attribute(target("general-regs-only")) is unknown"
level=warning msg="   72 | __isr void uk_pal_regs_set(struct uk_pal_regs *regs, __sz offset, __u64 val);"
level=warning msg="      |                                   ^~~~~~~~~~~"
level=warning msg="In file included from /home/jerrytsai/unikraft/plat/native/pal/include/uk/plat/pal/sysctx.h:11,"
level=warning msg="                 from /home/jerrytsai/unikraft/lib/uklcpu/include/uk/lcpu/sysctx.h:11,"
level=warning msg="                 from /home/jerrytsai/unikraft/lib/uklcpu/include/uk/lcpu.h:24,"
level=warning msg="                 from /home/jerrytsai/unikraft/plat/kvm/x86/tscclock.c:58:"
level=warning msg="/home/jerrytsai/unikraft/plat/native/arch/x86_64/include/uk/plat/native/arch/sysctx.h:91:1: error: attribute(target("general-regs-only")) is unknown"
level=warning msg="   91 | {"
level=warning msg="      | ^"
level=warning msg="/home/jerrytsai/unikraft/plat/native/arch/x86_64/include/uk/plat/native/arch/sysctx.h:106:1: error: attribute(target("general-regs-only")) is unknown"
level=warning msg="  106 | {"
level=warning msg="      | ^"
level=warning msg="/home/jerrytsai/unikraft/plat/native/arch/x86_64/include/uk/plat/native/arch/sysctx.h:129:1: error: attribute(target("general-regs-only")) is unknown"
level=warning msg="  129 | {"
level=warning msg="      | ^"
level=warning msg="/home/jerrytsai/unikraft/plat/native/arch/x86_64/include/uk/plat/native/arch/sysctx.h:140:1: error: attribute(target("general-regs-only")) is unknown"
level=warning msg="  140 | {"
level=warning msg="      | ^"
level=warning msg="/home/jerrytsai/unikraft/plat/native/arch/x86_64/include/uk/plat/native/arch/sysctx.h:151:47: error: attribute(target("general-regs-only")) is unknown"
level=warning msg="  151 | __isr void uk_plat_native_sysctx_store(struct uk_plat_native_sysctx *sysctx);"
level=warning msg="      |                                               ^~~~~~~~~~~~~~~~~~~~~"
level=warning msg="/home/jerrytsai/unikraft/plat/native/arch/x86_64/include/uk/plat/native/arch/sysctx.h:160:46: error: attribute(target("general-regs-only")) is unknown"
level=warning msg="  160 | __isr void uk_plat_native_sysctx_load(struct uk_plat_native_sysctx *sysctx);"
level=warning msg="      |                                              ^~~~~~~~~~~~~~~~~~~~~"
level=warning msg="In file included from /home/jerrytsai/unikraft/lib/uklcpu/include/uk/lcpu/sysctx.h:11,"
level=warning msg="                 from /home/jerrytsai/unikraft/lib/uklcpu/include/uk/lcpu.h:24,"
level=warning msg="                 from /home/jerrytsai/unikraft/plat/kvm/x86/tscclock.c:58:"
level=warning msg="/home/jerrytsai/unikraft/plat/native/pal/include/uk/plat/pal/sysctx.h:33:1: error: attribute(target("general-regs-only")) is unknown"
level=warning msg="   33 | {"
level=warning msg="      | ^"
level=warning msg="/home/jerrytsai/unikraft/plat/native/pal/include/uk/plat/pal/sysctx.h:41:1: error: attribute(target("general-regs-only")) is unknown"
level=warning msg="   41 | {"
level=warning msg="      | ^"
level=warning msg="/home/jerrytsai/unikraft/plat/native/pal/include/uk/plat/pal/sysctx.h:47:1: error: attribute(target("general-regs-only")) is unknown"
level=warning msg="   47 | {"
level=warning msg="      | ^"
level=warning msg="/home/jerrytsai/unikraft/plat/native/pal/include/uk/plat/pal/sysctx.h:52:1: error: attribute(target("general-regs-only")) is unknown"
level=warning msg="   52 | {"
level=warning msg="      | ^"
level=warning msg="/home/jerrytsai/unikraft/plat/native/pal/include/uk/plat/pal/sysctx.h:57:1: error: attribute(target("general-regs-only")) is unknown"
level=warning msg="   57 | {"
level=warning msg="      | ^"
level=warning msg="/home/jerrytsai/unikraft/plat/native/pal/include/uk/plat/pal/sysctx.h:62:1: error: attribute(target("general-regs-only")) is unknown"
level=warning msg="   62 | {"
level=warning msg="      | ^"
level=warning msg="In file included from /home/jerrytsai/unikraft/lib/uklcpu/include/uk/lcpu/sysctx.h:12,"
level=warning msg="                 from /home/jerrytsai/unikraft/lib/uklcpu/include/uk/lcpu.h:24,"
level=warning msg="                 from /home/jerrytsai/unikraft/plat/kvm/x86/tscclock.c:58:"
level=warning msg="/home/jerrytsai/unikraft/lib/ukpal/include/uk/pal/sysctx.h:60:44: error: attribute(target("general-regs-only")) is unknown"
level=warning msg="   60 | __isr __u64 uk_pal_sysctx_get(const struct uk_pal_sysctx *sc, __sz offset);"
level=warning msg="      |                                            ^~~~~~~~~~~~~"
level=warning msg="/home/jerrytsai/unikraft/lib/ukpal/include/uk/pal/sysctx.h:69:37: error: attribute(target("general-regs-only")) is unknown"
level=warning msg="   69 | __isr void uk_pal_sysctx_set(struct uk_pal_sysctx *sc, __sz offset, __u64 val);"
level=warning msg="      |                                     ^~~~~~~~~~~~~"
level=warning msg="/home/jerrytsai/unikraft/lib/ukpal/include/uk/pal/sysctx.h:76:39: error: attribute(target("general-regs-only")) is unknown"
level=warning msg="   76 | __isr void uk_pal_sysctx_store(struct uk_pal_sysctx *sysctx);"
level=warning msg="      |                                       ^~~~~~~~~~~~~"
level=warning msg="/home/jerrytsai/unikraft/lib/ukpal/include/uk/pal/sysctx.h:83:38: error: attribute(target("general-regs-only")) is unknown"
level=warning msg="   83 | __isr void uk_pal_sysctx_load(struct uk_pal_sysctx *sysctx);"
level=warning msg="      |                                      ^~~~~~~~~~~~~"
level=warning msg="/home/jerrytsai/unikraft/lib/ukpal/include/uk/pal/sysctx.h:90:1: error: attribute(target("general-regs-only")) is unknown"
level=warning msg="   90 | __isr __uptr uk_pal_tlsp_get(void);"
level=warning msg="      | ^~~~~"
level=warning msg="/home/jerrytsai/unikraft/lib/ukpal/include/uk/pal/sysctx.h:97:1: error: attribute(target("general-regs-only")) is unknown"
level=warning msg="   97 | __isr void uk_pal_tlsp_set(__uptr tlsp);"
level=warning msg="      | ^~~~~"
level=warning msg="In file included from /home/jerrytsai/unikraft/lib/uklcpu/include/uk/lcpu.h:24,"
level=warning msg="                 from /home/jerrytsai/unikraft/plat/kvm/x86/tscclock.c:58:"
level=warning msg="/home/jerrytsai/unikraft/lib/uklcpu/include/uk/lcpu/sysctx.h:33:1: error: attribute(target("general-regs-only")) is unknown"
level=warning msg="   33 | {"
level=warning msg="      | ^"
level=warning msg="/home/jerrytsai/unikraft/lib/uklcpu/include/uk/lcpu/sysctx.h:38:1: error: attribute(target("general-regs-only")) is unknown"
level=warning msg="   38 | {"
level=warning msg="      | ^"
level=warning msg="/home/jerrytsai/unikraft/lib/uklcpu/include/uk/lcpu/sysctx.h:43:1: error: attribute(target("general-regs-only")) is unknown"
level=warning msg="   43 | {"
level=warning msg="      | ^"
level=warning msg="/home/jerrytsai/unikraft/lib/uklcpu/include/uk/lcpu/sysctx.h:48:1: error: attribute(target("general-regs-only")) is unknown"
level=warning msg="   48 | {"
level=warning msg="      | ^"
level=warning msg="In file included from /home/jerrytsai/unikraft/plat/kvm/x86/tscclock.c:58:"
level=warning msg="/home/jerrytsai/unikraft/lib/uklcpu/include/uk/lcpu.h:303:1: error: attribute(target("general-regs-only")) is unknown"
level=warning msg="  303 | __isr __u64 uk_lcpu_get_current_idx_in_except(void);"
level=warning msg="      | ^~~~~"
level=warning msg="In file included from /home/jerrytsai/unikraft/plat/kvm/x86/tscclock.c:61:"
level=warning msg="/home/jerrytsai/unikraft/lib/ukprint/include/uk/print.h:67:7: error: attribute(target("general-regs-only")) is unknown"
level=warning msg="   67 |       unsigned int srcline, const char *fmt, va_list ap);"
level=warning msg="      |       ^~~~~~~~"
level=warning msg="/home/jerrytsai/unikraft/lib/ukprint/include/uk/print.h:70:6: error: attribute(target("general-regs-only")) is unknown"
level=warning msg="   70 |      const char *fmt, ...) __printf(5, 6);"
level=warning msg="      |      ^~~~~"
level=warning msg="make[3]: *** [/home/jerrytsai/unikraft/support/build/Makefile.build:49: /home/jerrytsai/vm-final-project/.unikraft/build/libkvmplat/tscclock.o] Error 1"
level=warning msg="In file included from /home/jerrytsai/unikraft/plat/native/pal/include/uk/plat/pal/ectx.h:11,"
level=warning msg="                 from /home/jerrytsai/unikraft/lib/uklcpu/include/uk/lcpu/ectx.h:11,"
level=warning msg="                 from /home/jerrytsai/unikraft/lib/uklcpu/include/uk/lcpu.h:19,"
level=warning msg="                 from /home/jerrytsai/unikraft/plat/common/include/x86/traps.h:12,"
level=warning msg="                 from /home/jerrytsai/unikraft/plat/kvm/x86/setup.c:8:"
level=warning msg="/home/jerrytsai/unikraft/plat/native/arch/x86_64/include/uk/plat/native/arch/ectx.h:70:48: error: attribute(target("general-regs-only")) is unknown"
level=warning msg="   70 | __isr void uk_plat_native_ectx_sanitize(struct uk_plat_native_ectx *state);"
level=warning msg="      |                                                ^~~~~~~~~~~~~~~~~~~"
level=warning msg="/home/jerrytsai/unikraft/plat/native/arch/x86_64/include/uk/plat/native/arch/ectx.h:79:45: error: attribute(target("general-regs-only")) is unknown"
level=warning msg="   79 | __isr void uk_plat_native_ectx_store(struct uk_plat_native_ectx *state);"
level=warning msg="      |                                             ^~~~~~~~~~~~~~~~~~~"
level=warning msg="/home/jerrytsai/unikraft/plat/native/arch/x86_64/include/uk/plat/native/arch/ectx.h:90:44: error: attribute(target("general-regs-only")) is unknown"
level=warning msg="   90 | __isr void uk_plat_native_ectx_load(struct uk_plat_native_ectx *state);"
level=warning msg="      |                                            ^~~~~~~~~~~~~~~~~~~"
level=warning msg="/home/jerrytsai/unikraft/plat/native/arch/x86_64/include/uk/plat/native/arch/ectx.h:99:44: error: attribute(target("general-regs-only")) is unknown"
level=warning msg="   99 | __isr void uk_plat_native_ectx_init(struct uk_plat_native_ectx *state);"
level=warning msg="      |                                            ^~~~~~~~~~~~~~~~~~~"
level=warning msg="/home/jerrytsai/unikraft/plat/native/arch/x86_64/include/uk/plat/native/arch/ectx.h:110:52: error: attribute(target("general-regs-only")) is unknown"
level=warning msg="  110 | __isr void uk_plat_native_ectx_assert_equal(struct uk_plat_native_ectx *state);"
level=warning msg="      |                                                    ^~~~~~~~~~~~~~~~~~~"
level=warning msg="In file included from /home/jerrytsai/unikraft/lib/uklcpu/include/uk/lcpu/ectx.h:11,"
level=warning msg="                 from /home/jerrytsai/unikraft/lib/uklcpu/include/uk/lcpu.h:19,"
level=warning msg="                 from /home/jerrytsai/unikraft/plat/common/include/x86/traps.h:12,"
level=warning msg="                 from /home/jerrytsai/unikraft/plat/kvm/x86/setup.c:8:"
level=warning msg="/home/jerrytsai/unikraft/plat/native/pal/include/uk/plat/pal/ectx.h:29:1: error: attribute(target("general-regs-only")) is unknown"
level=warning msg="   29 | {"
level=warning msg="      | ^"
level=warning msg="/home/jerrytsai/unikraft/plat/native/pal/include/uk/plat/pal/ectx.h:34:1: error: attribute(target("general-regs-only")) is unknown"
level=warning msg="   34 | {"
level=warning msg="      | ^"
level=warning msg="/home/jerrytsai/unikraft/plat/native/pal/include/uk/plat/pal/ectx.h:39:1: error: attribute(target("general-regs-only")) is unknown"
level=warning msg="   39 | {"
level=warning msg="      | ^"
level=warning msg="/home/jerrytsai/unikraft/plat/native/pal/include/uk/plat/pal/ectx.h:44:1: error: attribute(target("general-regs-only")) is unknown"
level=warning msg="   44 | {"
level=warning msg="      | ^"
level=warning msg="/home/jerrytsai/unikraft/plat/native/pal/include/uk/plat/pal/ectx.h:49:1: error: attribute(target("general-regs-only")) is unknown"
level=warning msg="   49 | {"
level=warning msg="      | ^"
level=warning msg="In file included from /home/jerrytsai/unikraft/lib/uklcpu/include/uk/lcpu/ectx.h:12,"
level=warning msg="                 from /home/jerrytsai/unikraft/lib/uklcpu/include/uk/lcpu.h:19,"
level=warning msg="                 from /home/jerrytsai/unikraft/plat/common/include/x86/traps.h:12,"
level=warning msg="                 from /home/jerrytsai/unikraft/plat/kvm/x86/setup.c:8:"
level=warning msg="/home/jerrytsai/unikraft/lib/ukpal/include/uk/pal/ectx.h:63:40: error: attribute(target("general-regs-only")) is unknown"
level=warning msg="   63 | __isr void uk_pal_ectx_sanitize(struct uk_pal_ectx *state);"
level=warning msg="      |                                        ^~~~~~~~~~~"
level=warning msg="/home/jerrytsai/unikraft/lib/ukpal/include/uk/pal/ectx.h:79:37: error: attribute(target("general-regs-only")) is unknown"
level=warning msg="   79 | __isr void uk_pal_ectx_store(struct uk_pal_ectx *state);"
level=warning msg="      |                                     ^~~~~~~~~~~"
level=warning msg="/home/jerrytsai/unikraft/lib/ukpal/include/uk/pal/ectx.h:87:36: error: attribute(target("general-regs-only")) is unknown"
level=warning msg="   87 | __isr void uk_pal_ectx_load(struct uk_pal_ectx *state);"
level=warning msg="      |                                    ^~~~~~~~~~~"
level=warning msg="/home/jerrytsai/unikraft/lib/ukpal/include/uk/pal/ectx.h:96:44: error: attribute(target("general-regs-only")) is unknown"
level=warning msg="   96 | __isr void uk_pal_ectx_assert_equal(struct uk_pal_ectx *state);"
level=warning msg="      |                                            ^~~~~~~~~~~"
level=warning msg="In file included from /home/jerrytsai/unikraft/lib/uklcpu/include/uk/lcpu.h:19,"
level=warning msg="                 from /home/jerrytsai/unikraft/plat/common/include/x86/traps.h:12,"
level=warning msg="                 from /home/jerrytsai/unikraft/plat/kvm/x86/setup.c:8:"
level=warning msg="/home/jerrytsai/unikraft/lib/uklcpu/include/uk/lcpu/ectx.h:34:1: error: attribute(target("general-regs-only")) is unknown"
level=warning msg="   34 | {"
level=warning msg="      | ^"
level=warning msg="/home/jerrytsai/unikraft/lib/uklcpu/include/uk/lcpu/ectx.h:39:1: error: attribute(target("general-regs-only")) is unknown"
level=warning msg="   39 | {"
level=warning msg="      | ^"
level=warning msg="/home/jerrytsai/unikraft/lib/uklcpu/include/uk/lcpu/ectx.h:44:1: error: attribute(target("general-regs-only")) is unknown"
level=warning msg="   44 | {"
level=warning msg="      | ^"
level=warning msg="/home/jerrytsai/unikraft/lib/uklcpu/include/uk/lcpu/ectx.h:49:1: error: attribute(target("general-regs-only")) is unknown"
level=warning msg="   49 | {"
level=warning msg="      | ^"
level=warning msg="/home/jerrytsai/unikraft/lib/uklcpu/include/uk/lcpu/ectx.h:54:1: error: attribute(target("general-regs-only")) is unknown"
level=warning msg="   54 | {"
level=warning msg="      | ^"
level=warning msg="In file included from /home/jerrytsai/unikraft/plat/native/arch/x86_64/include/uk/plat/native/arch/except.h:14,"
level=warning msg="                 from /home/jerrytsai/unikraft/plat/native/pal/include/uk/plat/pal/except.h:11,"
level=warning msg="                 from /home/jerrytsai/unikraft/lib/uklcpu/include/uk/lcpu/except.h:11,"
level=warning msg="                 from /home/jerrytsai/unikraft/lib/uklcpu/include/uk/lcpu.h:20,"
level=warning msg="                 from /home/jerrytsai/unikraft/plat/common/include/x86/traps.h:12,"
level=warning msg="                 from /home/jerrytsai/unikraft/plat/kvm/x86/setup.c:8:"
level=warning msg="/home/jerrytsai/unikraft/plat/native/arch/x86_64/include/uk/plat/native/arch/regs.h:187:1: error: attribute(target("general-regs-only")) is unknown"
level=warning msg="  187 | {"
level=warning msg="      | ^"
level=warning msg="/home/jerrytsai/unikraft/plat/native/arch/x86_64/include/uk/plat/native/arch/regs.h:203:1: error: attribute(target("general-regs-only")) is unknown"
level=warning msg="  203 | {"
level=warning msg="      | ^"
level=warning msg="In file included from /home/jerrytsai/unikraft/plat/native/pal/include/uk/plat/pal/except.h:11,"
level=warning msg="                 from /home/jerrytsai/unikraft/lib/uklcpu/include/uk/lcpu/except.h:11,"
level=warning msg="                 from /home/jerrytsai/unikraft/lib/uklcpu/include/uk/lcpu.h:20,"
level=warning msg="                 from /home/jerrytsai/unikraft/plat/common/include/x86/traps.h:12,"
level=warning msg="                 from /home/jerrytsai/unikraft/plat/kvm/x86/setup.c:8:"
level=warning msg="/home/jerrytsai/unikraft/plat/native/arch/x86_64/include/uk/plat/native/arch/except.h:68:1: error: attribute(target("general-regs-only")) is unknown"
level=warning msg="   68 | {"
level=warning msg="      | ^"
level=warning msg="/home/jerrytsai/unikraft/plat/native/arch/x86_64/include/uk/plat/native/arch/except.h:76:1: error: attribute(target("general-regs-only")) is unknown"
level=warning msg="   76 | {"
level=warning msg="      | ^"
level=warning msg="/home/jerrytsai/unikraft/plat/native/arch/x86_64/include/uk/plat/native/arch/except.h:83:1: error: attribute(target("general-regs-only")) is unknown"
level=warning msg="   83 | {"
level=warning msg="      | ^"
level=warning msg="/home/jerrytsai/unikraft/plat/native/arch/x86_64/include/uk/plat/native/arch/except.h:91:1: error: attribute(target("general-regs-only")) is unknown"
level=warning msg="   91 | {"
level=warning msg="      | ^"
level=warning msg="/home/jerrytsai/unikraft/plat/native/arch/x86_64/include/uk/plat/native/arch/except.h:98:1: error: attribute(target("general-regs-only")) is unknown"
level=warning msg="   98 | {"
level=warning msg="      | ^"
level=warning msg="/home/jerrytsai/unikraft/plat/native/arch/x86_64/include/uk/plat/native/arch/except.h:106:1: error: attribute(target("general-regs-only")) is unknown"
level=warning msg="  106 | {"
level=warning msg="      | ^"
level=warning msg="/home/jerrytsai/unikraft/plat/native/arch/x86_64/include/uk/plat/native/arch/except.h:113:1: error: attribute(target("general-regs-only")) is unknown"
level=warning msg="  113 | {"
level=warning msg="      | ^"
level=warning msg="/home/jerrytsai/unikraft/plat/native/arch/x86_64/include/uk/plat/native/arch/except.h:121:1: error: attribute(target("general-regs-only")) is unknown"
level=warning msg="  121 | {"
level=warning msg="      | ^"
level=warning msg="/home/jerrytsai/unikraft/plat/native/arch/x86_64/include/uk/plat/native/arch/except.h:128:1: error: attribute(target("general-regs-only")) is unknown"
level=warning msg="  128 | {"
level=warning msg="      | ^"
level=warning msg="/home/jerrytsai/unikraft/plat/native/arch/x86_64/include/uk/plat/native/arch/except.h:136:1: error: attribute(target("general-regs-only")) is unknown"
level=warning msg="  136 | {"
level=warning msg="      | ^"
level=warning msg="/home/jerrytsai/unikraft/plat/native/arch/x86_64/include/uk/plat/native/arch/except.h:143:1: error: attribute(target("general-regs-only")) is unknown"
level=warning msg="  143 | {"
level=warning msg="      | ^"
level=warning msg="/home/jerrytsai/unikraft/plat/native/arch/x86_64/include/uk/plat/native/arch/except.h:151:1: error: attribute(target("general-regs-only")) is unknown"
level=warning msg="  151 | {"
level=warning msg="      | ^"
level=warning msg="/home/jerrytsai/unikraft/plat/native/arch/x86_64/include/uk/plat/native/arch/except.h:170:1: error: attribute(target("general-regs-only")) is unknown"
level=warning msg="  170 | {"
level=warning msg="      | ^"
level=warning msg="/home/jerrytsai/unikraft/plat/native/arch/x86_64/include/uk/plat/native/arch/except.h:178:1: error: attribute(target("general-regs-only")) is unknown"
level=warning msg="  178 | {"
level=warning msg="      | ^"
level=warning msg="/home/jerrytsai/unikraft/plat/native/arch/x86_64/include/uk/plat/native/arch/except.h:185:1: error: attribute(target("general-regs-only")) is unknown"
level=warning msg="  185 | {"
level=warning msg="      | ^"
level=warning msg="/home/jerrytsai/unikraft/plat/native/arch/x86_64/include/uk/plat/native/arch/except.h:193:1: error: attribute(target("general-regs-only")) is unknown"
level=warning msg="  193 | {"
level=warning msg="      | ^"
level=warning msg="/home/jerrytsai/unikraft/plat/native/arch/x86_64/include/uk/plat/native/arch/except.h:203:1: error: attribute(target("general-regs-only")) is unknown"
level=warning msg="  203 | __isr int uk_plat_native_except_init(void);"
level=warning msg="      | ^~~~~"
level=warning msg="/home/jerrytsai/unikraft/plat/native/arch/x86_64/include/uk/plat/native/arch/except.h:210:1: error: attribute(target("general-regs-only")) is unknown"
level=warning msg="  210 | {"
level=warning msg="      | ^"
level=warning msg="/home/jerrytsai/unikraft/plat/native/arch/x86_64/include/uk/plat/native/arch/except.h:220:1: error: attribute(target("general-regs-only")) is unknown"
level=warning msg="  220 | {"
level=warning msg="      | ^"
level=warning msg="/home/jerrytsai/unikraft/plat/native/arch/x86_64/include/uk/plat/native/arch/except.h:232:1: error: attribute(target("general-regs-only")) is unknown"
level=warning msg="  232 | {"
level=warning msg="      | ^"
level=warning msg="/home/jerrytsai/unikraft/plat/native/arch/x86_64/include/uk/plat/native/arch/except.h:248:1: error: attribute(target("general-regs-only")) is unknown"
level=warning msg="  248 | {"
level=warning msg="      | ^"
level=warning msg="/home/jerrytsai/unikraft/plat/native/arch/x86_64/include/uk/plat/native/arch/except.h:261:1: error: attribute(target("general-regs-only")) is unknown"
level=warning msg="  261 | {"
level=warning msg="      | ^"
level=warning msg="/home/jerrytsai/unikraft/plat/native/arch/x86_64/include/uk/plat/native/arch/except.h:277:1: error: attribute(target("general-regs-only")) is unknown"
level=warning msg="  277 | __isr __uptr uk_plat_native_except_get_except_stack_base(void);"
level=warning msg="      | ^~~~~"
level=warning msg="/home/jerrytsai/unikraft/plat/native/arch/x86_64/include/uk/plat/native/arch/except.h:284:1: error: attribute(target("general-regs-only")) is unknown"
level=warning msg="  284 | __isr void uk_plat_native_except_push_nested(void);"
level=warning msg="      | ^~~~~"
level=warning msg="/home/jerrytsai/unikraft/plat/native/arch/x86_64/include/uk/plat/native/arch/except.h:291:1: error: attribute(target("general-regs-only")) is unknown"
level=warning msg="  291 | __isr void uk_plat_native_except_pop_nested(void);"
level=warning msg="      | ^~~~~"
level=warning msg="In file included from /home/jerrytsai/unikraft/plat/native/pal/include/uk/plat/pal/except.h:12,"
level=warning msg="                 from /home/jerrytsai/unikraft/lib/uklcpu/include/uk/lcpu/except.h:11,"
level=warning msg="                 from /home/jerrytsai/unikraft/lib/uklcpu/include/uk/lcpu.h:20,"
level=warning msg="                 from /home/jerrytsai/unikraft/plat/common/include/x86/traps.h:12,"
level=warning msg="                 from /home/jerrytsai/unikraft/plat/kvm/x86/setup.c:8:"
level=warning msg="/home/jerrytsai/unikraft/plat/native/pal/arch/x86_64/include/uk/plat/pal/arch/except.h:25:1: error: attribute(target("general-regs-only")) is unknown"
level=warning msg="   25 | {"
level=warning msg="      | ^"
level=warning msg="/home/jerrytsai/unikraft/plat/native/pal/arch/x86_64/include/uk/plat/pal/arch/except.h:33:1: error: attribute(target("general-regs-only")) is unknown"
level=warning msg="   33 | {"
level=warning msg="      | ^"
level=warning msg="/home/jerrytsai/unikraft/plat/native/pal/arch/x86_64/include/uk/plat/pal/arch/except.h:41:1: error: attribute(target("general-regs-only")) is unknown"
level=warning msg="   41 | {"
level=warning msg="      | ^"
level=warning msg="/home/jerrytsai/unikraft/plat/native/pal/arch/x86_64/include/uk/plat/pal/arch/except.h:49:1: error: attribute(target("general-regs-only")) is unknown"
level=warning msg="   49 | {"
level=warning msg="      | ^"
level=warning msg="In file included from /home/jerrytsai/unikraft/lib/uklcpu/include/uk/lcpu/except.h:11,"
level=warning msg="                 from /home/jerrytsai/unikraft/lib/uklcpu/include/uk/lcpu.h:20,"
level=warning msg="                 from /home/jerrytsai/unikraft/plat/common/include/x86/traps.h:12,"
level=warning msg="                 from /home/jerrytsai/unikraft/plat/kvm/x86/setup.c:8:"
level=warning msg="/home/jerrytsai/unikraft/plat/native/pal/include/uk/plat/pal/except.h:42:1: error: attribute(target("general-regs-only")) is unknown"
level=warning msg="   42 | {"
level=warning msg="      | ^"
level=warning msg="/home/jerrytsai/unikraft/plat/native/pal/include/uk/plat/pal/except.h:50:1: error: attribute(target("general-regs-only")) is unknown"
level=warning msg="   50 | {"
level=warning msg="      | ^"
level=warning msg="/home/jerrytsai/unikraft/plat/native/pal/include/uk/plat/pal/except.h:57:1: error: attribute(target("general-regs-only")) is unknown"
level=warning msg="   57 | {"
level=warning msg="      | ^"
level=warning msg="/home/jerrytsai/unikraft/plat/native/pal/include/uk/plat/pal/except.h:65:1: error: attribute(target("general-regs-only")) is unknown"
level=warning msg="   65 | {"
level=warning msg="      | ^"
level=warning msg="/home/jerrytsai/unikraft/plat/native/pal/include/uk/plat/pal/except.h:72:1: error: attribute(target("general-regs-only")) is unknown"
level=warning msg="   72 | {"
level=warning msg="      | ^"
level=warning msg="/home/jerrytsai/unikraft/plat/native/pal/include/uk/plat/pal/except.h:80:1: error: attribute(target("general-regs-only")) is unknown"
level=warning msg="   80 | {"
level=warning msg="      | ^"
level=warning msg="/home/jerrytsai/unikraft/plat/native/pal/include/uk/plat/pal/except.h:88:1: error: attribute(target("general-regs-only")) is unknown"
level=warning msg="   88 | {"
level=warning msg="      | ^"
level=warning msg="/home/jerrytsai/unikraft/plat/native/pal/include/uk/plat/pal/except.h:96:1: error: attribute(target("general-regs-only")) is unknown"
level=warning msg="   96 | {"
level=warning msg="      | ^"
level=warning msg="/home/jerrytsai/unikraft/plat/native/pal/include/uk/plat/pal/except.h:105:1: error: attribute(target("general-regs-only")) is unknown"
level=warning msg="  105 | {"
level=warning msg="      | ^"
level=warning msg="/home/jerrytsai/unikraft/plat/native/pal/include/uk/plat/pal/except.h:113:1: error: attribute(target("general-regs-only")) is unknown"
level=warning msg="  113 | {"
level=warning msg="      | ^"
level=warning msg="/home/jerrytsai/unikraft/plat/native/pal/include/uk/plat/pal/except.h:121:1: error: attribute(target("general-regs-only")) is unknown"
level=warning msg="  121 | {"
level=warning msg="      | ^"
level=warning msg="/home/jerrytsai/unikraft/plat/native/pal/include/uk/plat/pal/except.h:129:1: error: attribute(target("general-regs-only")) is unknown"
level=warning msg="  129 | {"
level=warning msg="      | ^"
level=warning msg="/home/jerrytsai/unikraft/plat/native/pal/include/uk/plat/pal/except.h:135:1: error: attribute(target("general-regs-only")) is unknown"
level=warning msg="  135 | {"
level=warning msg="      | ^"
level=warning msg="/home/jerrytsai/unikraft/plat/native/pal/include/uk/plat/pal/except.h:140:1: error: attribute(target("general-regs-only")) is unknown"
level=warning msg="  140 | {"
level=warning msg="      | ^"
level=warning msg="/home/jerrytsai/unikraft/plat/native/pal/include/uk/plat/pal/except.h:145:1: error: attribute(target("general-regs-only")) is unknown"
level=warning msg="  145 | {"
level=warning msg="      | ^"
level=warning msg="/home/jerrytsai/unikraft/plat/native/pal/include/uk/plat/pal/except.h:150:1: error: attribute(target("general-regs-only")) is unknown"
level=warning msg="  150 | {"
level=warning msg="      | ^"
level=warning msg="/home/jerrytsai/unikraft/plat/native/pal/include/uk/plat/pal/except.h:155:1: error: attribute(target("general-regs-only")) is unknown"
level=warning msg="  155 | {"
level=warning msg="      | ^"
level=warning msg="/home/jerrytsai/unikraft/plat/native/pal/include/uk/plat/pal/except.h:165:1: error: attribute(target("general-regs-only")) is unknown"
level=warning msg="  165 | {"
level=warning msg="      | ^"
level=warning msg="/home/jerrytsai/unikraft/plat/native/pal/include/uk/plat/pal/except.h:170:1: error: attribute(target("general-regs-only")) is unknown"
level=warning msg="  170 | {"
level=warning msg="      | ^"
level=warning msg="/home/jerrytsai/unikraft/plat/native/pal/include/uk/plat/pal/except.h:175:1: error: attribute(target("general-regs-only")) is unknown"
level=warning msg="  175 | {"
level=warning msg="      | ^"
level=warning msg="/home/jerrytsai/unikraft/plat/native/pal/include/uk/plat/pal/except.h:180:1: error: attribute(target("general-regs-only")) is unknown"
level=warning msg="  180 | {"
level=warning msg="      | ^"
level=warning msg="In file included from /home/jerrytsai/unikraft/lib/ukpal/include/uk/pal/except.h:19,"
level=warning msg="                 from /home/jerrytsai/unikraft/lib/uklcpu/include/uk/lcpu/except.h:12,"
level=warning msg="                 from /home/jerrytsai/unikraft/lib/uklcpu/include/uk/lcpu.h:20,"
level=warning msg="                 from /home/jerrytsai/unikraft/plat/common/include/x86/traps.h:12,"
level=warning msg="                 from /home/jerrytsai/unikraft/plat/kvm/x86/setup.c:8:"
level=warning msg="/home/jerrytsai/unikraft/lib/ukpal/arch/x86_64/include/uk/pal/arch/except.h:25:15: error: attribute(target("general-regs-only")) is unknown"
level=warning msg="   25 |  const struct uk_pal_except_err_ctx *ctx);"
level=warning msg="      |               ^~~~~~~~~~~~~~~~~~~~~"
level=warning msg="/home/jerrytsai/unikraft/lib/ukpal/arch/x86_64/include/uk/pal/arch/except.h:29:2: error: attribute(target("general-regs-only")) is unknown"
level=warning msg="   29 |  __u32 trapnr);"
level=warning msg="      |  ^~~~~"
level=warning msg="/home/jerrytsai/unikraft/lib/ukpal/arch/x86_64/include/uk/pal/arch/except.h:32:15: error: attribute(target("general-regs-only")) is unknown"
level=warning msg="   32 |  const struct uk_pal_except_err_ctx *ctx);"
level=warning msg="      |               ^~~~~~~~~~~~~~~~~~~~~"
level=warning msg="/home/jerrytsai/unikraft/lib/ukpal/arch/x86_64/include/uk/pal/arch/except.h:36:2: error: attribute(target("general-regs-only")) is unknown"
level=warning msg="   36 |  __u64 error_code);"
level=warning msg="      |  ^~~~~"
level=warning msg="In file included from /home/jerrytsai/unikraft/lib/uklcpu/include/uk/lcpu/except.h:12,"
level=warning msg="                 from /home/jerrytsai/unikraft/lib/uklcpu/include/uk/lcpu.h:20,"
level=warning msg="                 from /home/jerrytsai/unikraft/plat/common/include/x86/traps.h:12,"
level=warning msg="                 from /home/jerrytsai/unikraft/plat/kvm/x86/setup.c:8:"
level=warning msg="/home/jerrytsai/unikraft/lib/ukpal/include/uk/pal/except.h:77:15: error: attribute(target("general-regs-only")) is unknown"
level=warning msg="   77 |  const struct uk_pal_except_err_ctx *ctx);"
level=warning msg="      |               ^~~~~~~~~~~~~~~~~~~~~"
level=warning msg="/home/jerrytsai/unikraft/lib/ukpal/include/uk/pal/except.h:81:2: error: attribute(target("general-regs-only")) is unknown"
level=warning msg="   81 |  const char *str);"
level=warning msg="      |  ^~~~~"
level=warning msg="/home/jerrytsai/unikraft/lib/ukpal/include/uk/pal/except.h:84:15: error: attribute(target("general-regs-only")) is unknown"
level=warning msg="   84 |  const struct uk_pal_except_err_ctx *ctx);"
level=warning msg="      |               ^~~~~~~~~~~~~~~~~~~~~"
level=warning msg="/home/jerrytsai/unikraft/lib/ukpal/include/uk/pal/except.h:88:2: error: attribute(target("general-regs-only")) is unknown"
level=warning msg="   88 |  int handler_err);"
level=warning msg="      |  ^~~"
level=warning msg="/home/jerrytsai/unikraft/lib/ukpal/include/uk/pal/except.h:91:15: error: attribute(target("general-regs-only")) is unknown"
level=warning msg="   91 |  const struct uk_pal_except_err_ctx *ctx);"
level=warning msg="      |               ^~~~~~~~~~~~~~~~~~~~~"
level=warning msg="/home/jerrytsai/unikraft/lib/ukpal/include/uk/pal/except.h:95:9: error: attribute(target("general-regs-only")) is unknown"
level=warning msg="   95 |  struct uk_pal_regs *regs);"
level=warning msg="      |         ^~~~~~~~~~~"
level=warning msg="/home/jerrytsai/unikraft/lib/ukpal/include/uk/pal/except.h:98:15: error: attribute(target("general-regs-only")) is unknown"
level=warning msg="   98 |  const struct uk_pal_except_err_ctx *ctx);"
level=warning msg="      |               ^~~~~~~~~~~~~~~~~~~~~"
level=warning msg="/home/jerrytsai/unikraft/lib/ukpal/include/uk/pal/except.h:102:2: error: attribute(target("general-regs-only")) is unknown"
level=warning msg="  102 |  __u64 fault_addr);"
level=warning msg="      |  ^~~~~"
level=warning msg="/home/jerrytsai/unikraft/lib/ukpal/include/uk/pal/except.h:114:15: error: attribute(target("general-regs-only")) is unknown"
level=warning msg="  114 |  const struct uk_pal_except_irq_ctx *ctx);"
level=warning msg="      |               ^~~~~~~~~~~~~~~~~~~~~"
level=warning msg="/home/jerrytsai/unikraft/lib/ukpal/include/uk/pal/except.h:118:9: error: attribute(target("general-regs-only")) is unknown"
level=warning msg="  118 |  struct uk_pal_regs *regs);"
level=warning msg="      |         ^~~~~~~~~~~"
level=warning msg="/home/jerrytsai/unikraft/lib/ukpal/include/uk/pal/except.h:121:15: error: attribute(target("general-regs-only")) is unknown"
level=warning msg="  121 |  const struct uk_pal_except_irq_ctx *ctx);"
level=warning msg="      |               ^~~~~~~~~~~~~~~~~~~~~"
level=warning msg="/home/jerrytsai/unikraft/lib/ukpal/include/uk/pal/except.h:125:2: error: attribute(target("general-regs-only")) is unknown"
level=warning msg="  125 |  __u32 irq);"
level=warning msg="      |  ^~~~~"
level=warning msg="/home/jerrytsai/unikraft/lib/ukpal/include/uk/pal/except.h:133:1: error: attribute(target("general-regs-only")) is unknown"
level=warning msg="  133 | __isr void uk_pal_except_push_nested(void);"
level=warning msg="      | ^~~~~"
level=warning msg="/home/jerrytsai/unikraft/lib/ukpal/include/uk/pal/except.h:139:1: error: attribute(target("general-regs-only")) is unknown"
level=warning msg="  139 | __isr void uk_pal_except_pop_nested(void);"
level=warning msg="      | ^~~~~"
level=warning msg="/home/jerrytsai/unikraft/lib/ukpal/include/uk/pal/except.h:147:1: error: attribute(target("general-regs-only")) is unknown"
level=warning msg="  147 | __isr void uk_pal_disable_irq(void);"
level=warning msg="      | ^~~~~"
level=warning msg="/home/jerrytsai/unikraft/lib/ukpal/include/uk/pal/except.h:153:1: error: attribute(target("general-regs-only")) is unknown"
level=warning msg="  153 | __isr void uk_pal_enable_irq(void);"
level=warning msg="      | ^~~~~"
level=warning msg="/home/jerrytsai/unikraft/lib/ukpal/include/uk/pal/except.h:160:1: error: attribute(target("general-regs-only")) is unknown"
level=warning msg="  160 | __isr int uk_pal_irqs_disabled(void);"
level=warning msg="      | ^~~~~"
level=warning msg="/home/jerrytsai/unikraft/lib/ukpal/include/uk/pal/except.h:166:1: error: attribute(target("general-regs-only")) is unknown"
level=warning msg="  166 | __isr void uk_pal_irqs_handle_pending(void);"
level=warning msg="      | ^~~~~"
level=warning msg="/home/jerrytsai/unikraft/lib/ukpal/include/uk/pal/except.h:174:1: error: attribute(target("general-regs-only")) is unknown"
level=warning msg="  174 | __isr void uk_pal_restore_irqf(unsigned long flags);"
level=warning msg="      | ^~~~~"
level=warning msg="/home/jerrytsai/unikraft/lib/ukpal/include/uk/pal/except.h:182:1: error: attribute(target("general-regs-only")) is unknown"
level=warning msg="  182 | __isr unsigned long uk_pal_save_irqf(void);"
level=warning msg="      | ^~~~~"
level=warning msg="/home/jerrytsai/unikraft/lib/ukpal/include/uk/pal/except.h:189:1: error: attribute(target("general-regs-only")) is unknown"
level=warning msg="  189 | __isr __uptr uk_pal_except_get_except_stack_base(void);"
level=warning msg="      | ^~~~~"
level=warning msg="/home/jerrytsai/unikraft/lib/ukpal/include/uk/pal/except.h:196:1: error: attribute(target("general-regs-only")) is unknown"
level=warning msg="  196 | __isr int uk_pal_except_init(void);"
level=warning msg="      | ^~~~~"
level=warning msg="In file included from /home/jerrytsai/unikraft/lib/uklcpu/include/uk/lcpu/except.h:13,"
level=warning msg="                 from /home/jerrytsai/unikraft/lib/uklcpu/include/uk/lcpu.h:20,"
level=warning msg="                 from /home/jerrytsai/unikraft/plat/common/include/x86/traps.h:12,"
level=warning msg="                 from /home/jerrytsai/unikraft/plat/kvm/x86/setup.c:8:"
level=warning msg="/home/jerrytsai/unikraft/lib/uklcpu/arch/x86_64/include/uk/lcpu/arch/except.h:26:1: error: attribute(target("general-regs-only")) is unknown"
level=warning msg="   26 | {"
level=warning msg="      | ^"
level=warning msg="/home/jerrytsai/unikraft/lib/uklcpu/arch/x86_64/include/uk/lcpu/arch/except.h:34:1: error: attribute(target("general-regs-only")) is unknown"
level=warning msg="   34 | {"
level=warning msg="      | ^"
level=warning msg="/home/jerrytsai/unikraft/lib/uklcpu/arch/x86_64/include/uk/lcpu/arch/except.h:42:1: error: attribute(target("general-regs-only")) is unknown"
level=warning msg="   42 | {"
level=warning msg="      | ^"
level=warning msg="/home/jerrytsai/unikraft/lib/uklcpu/arch/x86_64/include/uk/lcpu/arch/except.h:50:1: error: attribute(target("general-regs-only")) is unknown"
level=warning msg="   50 | {"
level=warning msg="      | ^"
level=warning msg="In file included from /home/jerrytsai/unikraft/lib/uklcpu/include/uk/lcpu.h:20,"
level=warning msg="                 from /home/jerrytsai/unikraft/plat/common/include/x86/traps.h:12,"
level=warning msg="                 from /home/jerrytsai/unikraft/plat/kvm/x86/setup.c:8:"
level=warning msg="/home/jerrytsai/unikraft/lib/uklcpu/include/uk/lcpu/except.h:43:1: error: attribute(target("general-regs-only")) is unknown"
level=warning msg="   43 | {"
level=warning msg="      | ^"
level=warning msg="/home/jerrytsai/unikraft/lib/uklcpu/include/uk/lcpu/except.h:51:1: error: attribute(target("general-regs-only")) is unknown"
level=warning msg="   51 | {"
level=warning msg="      | ^"
level=warning msg="/home/jerrytsai/unikraft/lib/uklcpu/include/uk/lcpu/except.h:58:1: error: attribute(target("general-regs-only")) is unknown"
level=warning msg="   58 | {"
level=warning msg="      | ^"
level=warning msg="/home/jerrytsai/unikraft/lib/uklcpu/include/uk/lcpu/except.h:66:1: error: attribute(target("general-regs-only")) is unknown"
level=warning msg="   66 | {"
level=warning msg="      | ^"
level=warning msg="/home/jerrytsai/unikraft/lib/uklcpu/include/uk/lcpu/except.h:73:1: error: attribute(target("general-regs-only")) is unknown"
level=warning msg="   73 | {"
level=warning msg="      | ^"
level=warning msg="/home/jerrytsai/unikraft/lib/uklcpu/include/uk/lcpu/except.h:81:1: error: attribute(target("general-regs-only")) is unknown"
level=warning msg="   81 | {"
level=warning msg="      | ^"
level=warning msg="/home/jerrytsai/unikraft/lib/uklcpu/include/uk/lcpu/except.h:88:1: error: attribute(target("general-regs-only")) is unknown"
level=warning msg="   88 | {"
level=warning msg="      | ^"
level=warning msg="/home/jerrytsai/unikraft/lib/uklcpu/include/uk/lcpu/except.h:96:1: error: attribute(target("general-regs-only")) is unknown"
level=warning msg="   96 | {"
level=warning msg="      | ^"
level=warning msg="/home/jerrytsai/unikraft/lib/uklcpu/include/uk/lcpu/except.h:106:1: error: attribute(target("general-regs-only")) is unknown"
level=warning msg="  106 | {"
level=warning msg="      | ^"
level=warning msg="/home/jerrytsai/unikraft/lib/uklcpu/include/uk/lcpu/except.h:114:1: error: attribute(target("general-regs-only")) is unknown"
level=warning msg="  114 | {"
level=warning msg="      | ^"
level=warning msg="/home/jerrytsai/unikraft/lib/uklcpu/include/uk/lcpu/except.h:122:1: error: attribute(target("general-regs-only")) is unknown"
level=warning msg="  122 | {"
level=warning msg="      | ^"
level=warning msg="/home/jerrytsai/unikraft/lib/uklcpu/include/uk/lcpu/except.h:130:1: error: attribute(target("general-regs-only")) is unknown"
level=warning msg="  130 | {"
level=warning msg="      | ^"
level=warning msg="/home/jerrytsai/unikraft/lib/uklcpu/include/uk/lcpu/except.h:135:1: error: attribute(target("general-regs-only")) is unknown"
level=warning msg="  135 | {"
level=warning msg="      | ^"
level=warning msg="/home/jerrytsai/unikraft/lib/uklcpu/include/uk/lcpu/except.h:140:1: error: attribute(target("general-regs-only")) is unknown"
level=warning msg="  140 | {"
level=warning msg="      | ^"
level=warning msg="/home/jerrytsai/unikraft/lib/uklcpu/include/uk/lcpu/except.h:145:1: error: attribute(target("general-regs-only")) is unknown"
level=warning msg="  145 | {"
level=warning msg="      | ^"
level=warning msg="/home/jerrytsai/unikraft/lib/uklcpu/include/uk/lcpu/except.h:150:1: error: attribute(target("general-regs-only")) is unknown"
level=warning msg="  150 | {"
level=warning msg="      | ^"
level=warning msg="/home/jerrytsai/unikraft/lib/uklcpu/include/uk/lcpu/except.h:155:1: error: attribute(target("general-regs-only")) is unknown"
level=warning msg="  155 | {"
level=warning msg="      | ^"
level=warning msg="/home/jerrytsai/unikraft/lib/uklcpu/include/uk/lcpu/except.h:165:1: error: attribute(target("general-regs-only")) is unknown"
level=warning msg="  165 | {"
level=warning msg="      | ^"
level=warning msg="/home/jerrytsai/unikraft/lib/uklcpu/include/uk/lcpu/except.h:170:1: error: attribute(target("general-regs-only")) is unknown"
level=warning msg="  170 | {"
level=warning msg="      | ^"
level=warning msg="In file included from /home/jerrytsai/unikraft/lib/uklcpu/include/uk/lcpu/regs.h:11,"
level=warning msg="                 from /home/jerrytsai/unikraft/lib/uklcpu/include/uk/lcpu.h:22,"
level=warning msg="                 from /home/jerrytsai/unikraft/plat/common/include/x86/traps.h:12,"
level=warning msg="                 from /home/jerrytsai/unikraft/plat/kvm/x86/setup.c:8:"
level=warning msg="/home/jerrytsai/unikraft/plat/native/pal/include/uk/plat/pal/regs.h:30:1: error: attribute(target("general-regs-only")) is unknown"
level=warning msg="   30 | {"
level=warning msg="      | ^"
level=warning msg="/home/jerrytsai/unikraft/plat/native/pal/include/uk/plat/pal/regs.h:37:1: error: attribute(target("general-regs-only")) is unknown"
level=warning msg="   37 | {"
level=warning msg="      | ^"
level=warning msg="In file included from /home/jerrytsai/unikraft/lib/uklcpu/include/uk/lcpu/regs.h:12,"
level=warning msg="                 from /home/jerrytsai/unikraft/lib/uklcpu/include/uk/lcpu.h:22,"
level=warning msg="                 from /home/jerrytsai/unikraft/plat/common/include/x86/traps.h:12,"
level=warning msg="                 from /home/jerrytsai/unikraft/plat/kvm/x86/setup.c:8:"
level=warning msg="/home/jerrytsai/unikraft/lib/ukpal/include/uk/pal/regs.h:63:42: error: attribute(target("general-regs-only")) is unknown"
level=warning msg="   63 | __isr __u64 uk_pal_regs_get(const struct uk_pal_regs *regs, __sz offset);"
level=warning msg="      |                                          ^~~~~~~~~~~"
level=warning msg="/home/jerrytsai/unikraft/lib/ukpal/include/uk/pal/regs.h:72:35: error: attribute(target("general-regs-only")) is unknown"
level=warning msg="   72 | __isr void uk_pal_regs_set(struct uk_pal_regs *regs, __sz offset, __u64 val);"
level=warning msg="      |                                   ^~~~~~~~~~~"
level=warning msg="In file included from /home/jerrytsai/unikraft/plat/native/pal/include/uk/plat/pal/sysctx.h:11,"
level=warning msg="                 from /home/jerrytsai/unikraft/lib/uklcpu/include/uk/lcpu/sysctx.h:11,"
level=warning msg="                 from /home/jerrytsai/unikraft/lib/uklcpu/include/uk/lcpu.h:24,"
level=warning msg="                 from /home/jerrytsai/unikraft/plat/common/include/x86/traps.h:12,"
level=warning msg="                 from /home/jerrytsai/unikraft/plat/kvm/x86/setup.c:8:"
level=warning msg="/home/jerrytsai/unikraft/plat/native/arch/x86_64/include/uk/plat/native/arch/sysctx.h:91:1: error: attribute(target("general-regs-only")) is unknown"
level=warning msg="   91 | {"
level=warning msg="      | ^"
level=warning msg="/home/jerrytsai/unikraft/plat/native/arch/x86_64/include/uk/plat/native/arch/sysctx.h:106:1: error: attribute(target("general-regs-only")) is unknown"
level=warning msg="  106 | {"
level=warning msg="      | ^"
level=warning msg="/home/jerrytsai/unikraft/plat/native/arch/x86_64/include/uk/plat/native/arch/sysctx.h:129:1: error: attribute(target("general-regs-only")) is unknown"
level=warning msg="  129 | {"
level=warning msg="      | ^"
level=warning msg="/home/jerrytsai/unikraft/plat/native/arch/x86_64/include/uk/plat/native/arch/sysctx.h:140:1: error: attribute(target("general-regs-only")) is unknown"
level=warning msg="  140 | {"
level=warning msg="      | ^"
level=warning msg="/home/jerrytsai/unikraft/plat/native/arch/x86_64/include/uk/plat/native/arch/sysctx.h:151:47: error: attribute(target("general-regs-only")) is unknown"
level=warning msg="  151 | __isr void uk_plat_native_sysctx_store(struct uk_plat_native_sysctx *sysctx);"
level=warning msg="      |                                               ^~~~~~~~~~~~~~~~~~~~~"
level=warning msg="/home/jerrytsai/unikraft/plat/native/arch/x86_64/include/uk/plat/native/arch/sysctx.h:160:46: error: attribute(target("general-regs-only")) is unknown"
level=warning msg="  160 | __isr void uk_plat_native_sysctx_load(struct uk_plat_native_sysctx *sysctx);"
level=warning msg="      |                                              ^~~~~~~~~~~~~~~~~~~~~"
level=warning msg="In file included from /home/jerrytsai/unikraft/lib/uklcpu/include/uk/lcpu/sysctx.h:11,"
level=warning msg="                 from /home/jerrytsai/unikraft/lib/uklcpu/include/uk/lcpu.h:24,"
level=warning msg="                 from /home/jerrytsai/unikraft/plat/common/include/x86/traps.h:12,"
level=warning msg="                 from /home/jerrytsai/unikraft/plat/kvm/x86/setup.c:8:"
level=warning msg="/home/jerrytsai/unikraft/plat/native/pal/include/uk/plat/pal/sysctx.h:33:1: error: attribute(target("general-regs-only")) is unknown"
level=warning msg="   33 | {"
level=warning msg="      | ^"
level=warning msg="/home/jerrytsai/unikraft/plat/native/pal/include/uk/plat/pal/sysctx.h:41:1: error: attribute(target("general-regs-only")) is unknown"
level=warning msg="   41 | {"
level=warning msg="      | ^"
level=warning msg="/home/jerrytsai/unikraft/plat/native/pal/include/uk/plat/pal/sysctx.h:47:1: error: attribute(target("general-regs-only")) is unknown"
level=warning msg="   47 | {"
level=warning msg="      | ^"
level=warning msg="/home/jerrytsai/unikraft/plat/native/pal/include/uk/plat/pal/sysctx.h:52:1: error: attribute(target("general-regs-only")) is unknown"
level=warning msg="   52 | {"
level=warning msg="      | ^"
level=warning msg="/home/jerrytsai/unikraft/plat/native/pal/include/uk/plat/pal/sysctx.h:57:1: error: attribute(target("general-regs-only")) is unknown"
level=warning msg="   57 | {"
level=warning msg="      | ^"
level=warning msg="/home/jerrytsai/unikraft/plat/native/pal/include/uk/plat/pal/sysctx.h:62:1: error: attribute(target("general-regs-only")) is unknown"
level=warning msg="   62 | {"
level=warning msg="      | ^"
level=warning msg="In file included from /home/jerrytsai/unikraft/lib/uklcpu/include/uk/lcpu/sysctx.h:12,"
level=warning msg="                 from /home/jerrytsai/unikraft/lib/uklcpu/include/uk/lcpu.h:24,"
level=warning msg="                 from /home/jerrytsai/unikraft/plat/common/include/x86/traps.h:12,"
level=warning msg="                 from /home/jerrytsai/unikraft/plat/kvm/x86/setup.c:8:"
level=warning msg="/home/jerrytsai/unikraft/lib/ukpal/include/uk/pal/sysctx.h:60:44: error: attribute(target("general-regs-only")) is unknown"
level=warning msg="   60 | __isr __u64 uk_pal_sysctx_get(const struct uk_pal_sysctx *sc, __sz offset);"
level=warning msg="      |                                            ^~~~~~~~~~~~~"
level=warning msg="/home/jerrytsai/unikraft/lib/ukpal/include/uk/pal/sysctx.h:69:37: error: attribute(target("general-regs-only")) is unknown"
level=warning msg="   69 | __isr void uk_pal_sysctx_set(struct uk_pal_sysctx *sc, __sz offset, __u64 val);"
level=warning msg="      |                                     ^~~~~~~~~~~~~"
level=warning msg="/home/jerrytsai/unikraft/lib/ukpal/include/uk/pal/sysctx.h:76:39: error: attribute(target("general-regs-only")) is unknown"
level=warning msg="   76 | __isr void uk_pal_sysctx_store(struct uk_pal_sysctx *sysctx);"
level=warning msg="      |                                       ^~~~~~~~~~~~~"
level=warning msg="/home/jerrytsai/unikraft/lib/ukpal/include/uk/pal/sysctx.h:83:38: error: attribute(target("general-regs-only")) is unknown"
level=warning msg="   83 | __isr void uk_pal_sysctx_load(struct uk_pal_sysctx *sysctx);"
level=warning msg="      |                                      ^~~~~~~~~~~~~"
level=warning msg="/home/jerrytsai/unikraft/lib/ukpal/include/uk/pal/sysctx.h:90:1: error: attribute(target("general-regs-only")) is unknown"
level=warning msg="   90 | __isr __uptr uk_pal_tlsp_get(void);"
level=warning msg="      | ^~~~~"
level=warning msg="/home/jerrytsai/unikraft/lib/ukpal/include/uk/pal/sysctx.h:97:1: error: attribute(target("general-regs-only")) is unknown"
level=warning msg="   97 | __isr void uk_pal_tlsp_set(__uptr tlsp);"
level=warning msg="      | ^~~~~"
level=warning msg="In file included from /home/jerrytsai/unikraft/lib/uklcpu/include/uk/lcpu.h:24,"
level=warning msg="                 from /home/jerrytsai/unikraft/plat/common/include/x86/traps.h:12,"
level=warning msg="                 from /home/jerrytsai/unikraft/plat/kvm/x86/setup.c:8:"
level=warning msg="/home/jerrytsai/unikraft/lib/uklcpu/include/uk/lcpu/sysctx.h:33:1: error: attribute(target("general-regs-only")) is unknown"
level=warning msg="   33 | {"
level=warning msg="      | ^"
level=warning msg="/home/jerrytsai/unikraft/lib/uklcpu/include/uk/lcpu/sysctx.h:38:1: error: attribute(target("general-regs-only")) is unknown"
level=warning msg="   38 | {"
level=warning msg="      | ^"
level=warning msg="/home/jerrytsai/unikraft/lib/uklcpu/include/uk/lcpu/sysctx.h:43:1: error: attribute(target("general-regs-only")) is unknown"
level=warning msg="   43 | {"
level=warning msg="      | ^"
level=warning msg="/home/jerrytsai/unikraft/lib/uklcpu/include/uk/lcpu/sysctx.h:48:1: error: attribute(target("general-regs-only")) is unknown"
level=warning msg="   48 | {"
level=warning msg="      | ^"
level=warning msg="In file included from /home/jerrytsai/unikraft/plat/common/include/x86/traps.h:12,"
level=warning msg="                 from /home/jerrytsai/unikraft/plat/kvm/x86/setup.c:8:"
level=warning msg="/home/jerrytsai/unikraft/lib/uklcpu/include/uk/lcpu.h:303:1: error: attribute(target("general-regs-only")) is unknown"
level=warning msg="  303 | __isr __u64 uk_lcpu_get_current_idx_in_except(void);"
level=warning msg="      | ^~~~~"
level=warning msg="In file included from /home/jerrytsai/unikraft/lib/ukdebug/include/uk/assert.h:44,"
level=warning msg="                 from /home/jerrytsai/unikraft/lib/ukalloc/include/uk/alloc.h:40,"
level=warning msg="                 from /home/jerrytsai/unikraft/include/uk/plat/memory.h:39,"
level=warning msg="                 from /home/jerrytsai/unikraft/plat/common/include/uk/plat/common/bootinfo.h:12,"
level=warning msg="                 from /home/jerrytsai/unikraft/lib/ukboot/include/uk/boot.h:11,"
level=warning msg="                 from /home/jerrytsai/unikraft/plat/kvm/x86/setup.c:17:"
level=warning msg="/home/jerrytsai/unikraft/lib/ukprint/include/uk/print.h:67:7: error: attribute(target("general-regs-only")) is unknown"
level=warning msg="   67 |       unsigned int srcline, const char *fmt, va_list ap);"
level=warning msg="      |       ^~~~~~~~"
level=warning msg="/home/jerrytsai/unikraft/lib/ukprint/include/uk/print.h:70:6: error: attribute(target("general-regs-only")) is unknown"
level=warning msg="   70 |      const char *fmt, ...) __printf(5, 6);"
level=warning msg="      |      ^~~~~"
level=warning msg="In file included from /home/jerrytsai/unikraft/lib/ukboot/include/uk/boot.h:12,"
level=warning msg="                 from /home/jerrytsai/unikraft/plat/kvm/x86/setup.c:17:"
level=warning msg="/home/jerrytsai/unikraft/lib/ukpm/include/uk/pm.h:33:1: error: attribute(target("general-regs-only")) is unknown"
level=warning msg="   33 | {"
level=warning msg="      | ^"
level=warning msg="/home/jerrytsai/unikraft/lib/ukpm/include/uk/pm.h:116:37: error: attribute(target("general-regs-only")) is unknown"
level=warning msg="  116 | int uk_pm_ops_register(const struct uk_pm_ops *ops) __isr;"
level=warning msg="      |                                     ^~~~~~~~~"
level=warning msg="/home/jerrytsai/unikraft/lib/ukpm/include/uk/pm.h:134:1: error: attribute(target("general-regs-only")) is unknown"
level=warning msg="  134 | void uk_pm_syshalt(void) __noreturn __isr;"
level=warning msg="      | ^~~~"
level=warning msg="/home/jerrytsai/unikraft/lib/ukpm/include/uk/pm.h:139:1: error: attribute(target("general-regs-only")) is unknown"
level=warning msg="  139 | void uk_pm_sysrestart(void) __noreturn __isr;"
level=warning msg="      | ^~~~"
level=warning msg="/home/jerrytsai/unikraft/lib/ukpm/include/uk/pm.h:145:1: error: attribute(target("general-regs-only")) is unknown"
level=warning msg="  145 | int uk_pm_syssuspend(void) __isr;"
level=warning msg="      | ^~~"
level=warning msg="/home/jerrytsai/unikraft/lib/ukpm/include/uk/pm.h:150:1: error: attribute(target("general-regs-only")) is unknown"
level=warning msg="  150 | void uk_pm_syscrash(void) __noreturn __isr;"
level=warning msg="      | ^~~~"
level=warning msg="/home/jerrytsai/unikraft/lib/ukpm/include/uk/pm.h:160:38: error: attribute(target("general-regs-only")) is unknown"
level=warning msg="  160 | void uk_pm_raise_shutdown_event(enum uk_pm_shutdown_op op) __isr;"
level=warning msg="      |                                      ^~~~~~~~~~~~~~~~~"
level=warning msg="/home/jerrytsai/unikraft/lib/ukpm/include/uk/pm.h:168:26: error: attribute(target("general-regs-only")) is unknown"
level=warning msg="  168 | void uk_pm_shutdown(enum uk_pm_shutdown_op op) __noreturn __isr;"
level=warning msg="      |                          ^~~~~~~~~~~~~~~~~"
level=warning msg="make[3]: *** [/home/jerrytsai/unikraft/support/build/Makefile.build:49: /home/jerrytsai/vm-final-project/.unikraft/build/libkvmplat/setup.o] Error 1"
level=info msg="  CC      libkvmplat: time.o"
level=warning msg="In file included from /home/jerrytsai/unikraft/plat/native/pal/include/uk/plat/pal/ectx.h:11,"
level=warning msg="                 from /home/jerrytsai/unikraft/lib/uklcpu/include/uk/lcpu/ectx.h:11,"
level=warning msg="                 from /home/jerrytsai/unikraft/lib/uklcpu/include/uk/lcpu.h:19,"
level=warning msg="                 from /home/jerrytsai/unikraft/lib/ukdebug/include/uk/assert.h:39,"
level=warning msg="                 from /home/jerrytsai/unikraft/lib/ukalloc/include/uk/alloc.h:40,"
level=warning msg="                 from /home/jerrytsai/unikraft/lib/nolibc/include/stdlib.h:33,"
level=warning msg="                 from /home/jerrytsai/unikraft/plat/kvm/x86/time.c:41:"
level=warning msg="/home/jerrytsai/unikraft/plat/native/arch/x86_64/include/uk/plat/native/arch/ectx.h:70:48: error: attribute(target("general-regs-only")) is unknown"
level=warning msg="   70 | __isr void uk_plat_native_ectx_sanitize(struct uk_plat_native_ectx *state);"
level=warning msg="      |                                                ^~~~~~~~~~~~~~~~~~~"
level=warning msg="/home/jerrytsai/unikraft/plat/native/arch/x86_64/include/uk/plat/native/arch/ectx.h:79:45: error: attribute(target("general-regs-only")) is unknown"
level=warning msg="   79 | __isr void uk_plat_native_ectx_store(struct uk_plat_native_ectx *state);"
level=warning msg="      |                                             ^~~~~~~~~~~~~~~~~~~"
level=warning msg="/home/jerrytsai/unikraft/plat/native/arch/x86_64/include/uk/plat/native/arch/ectx.h:90:44: error: attribute(target("general-regs-only")) is unknown"
level=warning msg="   90 | __isr void uk_plat_native_ectx_load(struct uk_plat_native_ectx *state);"
level=warning msg="      |                                            ^~~~~~~~~~~~~~~~~~~"
level=warning msg="/home/jerrytsai/unikraft/plat/native/arch/x86_64/include/uk/plat/native/arch/ectx.h:99:44: error: attribute(target("general-regs-only")) is unknown"
level=warning msg="   99 | __isr void uk_plat_native_ectx_init(struct uk_plat_native_ectx *state);"
level=warning msg="      |                                            ^~~~~~~~~~~~~~~~~~~"
level=warning msg="/home/jerrytsai/unikraft/plat/native/arch/x86_64/include/uk/plat/native/arch/ectx.h:110:52: error: attribute(target("general-regs-only")) is unknown"
level=warning msg="  110 | __isr void uk_plat_native_ectx_assert_equal(struct uk_plat_native_ectx *state);"
level=warning msg="      |                                                    ^~~~~~~~~~~~~~~~~~~"
level=warning msg="In file included from /home/jerrytsai/unikraft/lib/uklcpu/include/uk/lcpu/ectx.h:11,"
level=warning msg="                 from /home/jerrytsai/unikraft/lib/uklcpu/include/uk/lcpu.h:19,"
level=warning msg="                 from /home/jerrytsai/unikraft/lib/ukdebug/include/uk/assert.h:39,"
level=warning msg="                 from /home/jerrytsai/unikraft/lib/ukalloc/include/uk/alloc.h:40,"
level=warning msg="                 from /home/jerrytsai/unikraft/lib/nolibc/include/stdlib.h:33,"
level=warning msg="                 from /home/jerrytsai/unikraft/plat/kvm/x86/time.c:41:"
level=warning msg="/home/jerrytsai/unikraft/plat/native/pal/include/uk/plat/pal/ectx.h:29:1: error: attribute(target("general-regs-only")) is unknown"
level=warning msg="   29 | {"
level=warning msg="      | ^"
level=warning msg="/home/jerrytsai/unikraft/plat/native/pal/include/uk/plat/pal/ectx.h:34:1: error: attribute(target("general-regs-only")) is unknown"
level=warning msg="   34 | {"
level=warning msg="      | ^"
level=warning msg="/home/jerrytsai/unikraft/plat/native/pal/include/uk/plat/pal/ectx.h:39:1: error: attribute(target("general-regs-only")) is unknown"
level=warning msg="   39 | {"
level=warning msg="      | ^"
level=warning msg="/home/jerrytsai/unikraft/plat/native/pal/include/uk/plat/pal/ectx.h:44:1: error: attribute(target("general-regs-only")) is unknown"
level=warning msg="   44 | {"
level=warning msg="      | ^"
level=warning msg="/home/jerrytsai/unikraft/plat/native/pal/include/uk/plat/pal/ectx.h:49:1: error: attribute(target("general-regs-only")) is unknown"
level=warning msg="   49 | {"
level=warning msg="      | ^"
level=warning msg="In file included from /home/jerrytsai/unikraft/lib/uklcpu/include/uk/lcpu/ectx.h:12,"
level=warning msg="                 from /home/jerrytsai/unikraft/lib/uklcpu/include/uk/lcpu.h:19,"
level=warning msg="                 from /home/jerrytsai/unikraft/lib/ukdebug/include/uk/assert.h:39,"
level=warning msg="                 from /home/jerrytsai/unikraft/lib/ukalloc/include/uk/alloc.h:40,"
level=warning msg="                 from /home/jerrytsai/unikraft/lib/nolibc/include/stdlib.h:33,"
level=warning msg="                 from /home/jerrytsai/unikraft/plat/kvm/x86/time.c:41:"
level=warning msg="/home/jerrytsai/unikraft/lib/ukpal/include/uk/pal/ectx.h:63:40: error: attribute(target("general-regs-only")) is unknown"
level=warning msg="   63 | __isr void uk_pal_ectx_sanitize(struct uk_pal_ectx *state);"
level=warning msg="      |                                        ^~~~~~~~~~~"
level=warning msg="/home/jerrytsai/unikraft/lib/ukpal/include/uk/pal/ectx.h:79:37: error: attribute(target("general-regs-only")) is unknown"
level=warning msg="   79 | __isr void uk_pal_ectx_store(struct uk_pal_ectx *state);"
level=warning msg="      |                                     ^~~~~~~~~~~"
level=warning msg="/home/jerrytsai/unikraft/lib/ukpal/include/uk/pal/ectx.h:87:36: error: attribute(target("general-regs-only")) is unknown"
level=warning msg="   87 | __isr void uk_pal_ectx_load(struct uk_pal_ectx *state);"
level=warning msg="      |                                    ^~~~~~~~~~~"
level=warning msg="/home/jerrytsai/unikraft/lib/ukpal/include/uk/pal/ectx.h:96:44: error: attribute(target("general-regs-only")) is unknown"
level=warning msg="   96 | __isr void uk_pal_ectx_assert_equal(struct uk_pal_ectx *state);"
level=warning msg="      |                                            ^~~~~~~~~~~"
level=warning msg="In file included from /home/jerrytsai/unikraft/lib/uklcpu/include/uk/lcpu.h:19,"
level=warning msg="                 from /home/jerrytsai/unikraft/lib/ukdebug/include/uk/assert.h:39,"
level=warning msg="                 from /home/jerrytsai/unikraft/lib/ukalloc/include/uk/alloc.h:40,"
level=warning msg="                 from /home/jerrytsai/unikraft/lib/nolibc/include/stdlib.h:33,"
level=warning msg="                 from /home/jerrytsai/unikraft/plat/kvm/x86/time.c:41:"
level=warning msg="/home/jerrytsai/unikraft/lib/uklcpu/include/uk/lcpu/ectx.h:34:1: error: attribute(target("general-regs-only")) is unknown"
level=warning msg="   34 | {"
level=warning msg="      | ^"
level=warning msg="/home/jerrytsai/unikraft/lib/uklcpu/include/uk/lcpu/ectx.h:39:1: error: attribute(target("general-regs-only")) is unknown"
level=warning msg="   39 | {"
level=warning msg="      | ^"
level=warning msg="/home/jerrytsai/unikraft/lib/uklcpu/include/uk/lcpu/ectx.h:44:1: error: attribute(target("general-regs-only")) is unknown"
level=warning msg="   44 | {"
level=warning msg="      | ^"
level=warning msg="/home/jerrytsai/unikraft/lib/uklcpu/include/uk/lcpu/ectx.h:49:1: error: attribute(target("general-regs-only")) is unknown"
level=warning msg="   49 | {"
level=warning msg="      | ^"
level=warning msg="/home/jerrytsai/unikraft/lib/uklcpu/include/uk/lcpu/ectx.h:54:1: error: attribute(target("general-regs-only")) is unknown"
level=warning msg="   54 | {"
level=warning msg="      | ^"
level=warning msg="In file included from /home/jerrytsai/unikraft/plat/native/arch/x86_64/include/uk/plat/native/arch/except.h:14,"
level=warning msg="                 from /home/jerrytsai/unikraft/plat/native/pal/include/uk/plat/pal/except.h:11,"
level=warning msg="                 from /home/jerrytsai/unikraft/lib/uklcpu/include/uk/lcpu/except.h:11,"
level=warning msg="                 from /home/jerrytsai/unikraft/lib/uklcpu/include/uk/lcpu.h:20,"
level=warning msg="                 from /home/jerrytsai/unikraft/lib/ukdebug/include/uk/assert.h:39,"
level=warning msg="                 from /home/jerrytsai/unikraft/lib/ukalloc/include/uk/alloc.h:40,"
level=warning msg="                 from /home/jerrytsai/unikraft/lib/nolibc/include/stdlib.h:33,"
level=warning msg="                 from /home/jerrytsai/unikraft/plat/kvm/x86/time.c:41:"
level=warning msg="/home/jerrytsai/unikraft/plat/native/arch/x86_64/include/uk/plat/native/arch/regs.h:187:1: error: attribute(target("general-regs-only")) is unknown"
level=warning msg="  187 | {"
level=warning msg="      | ^"
level=warning msg="/home/jerrytsai/unikraft/plat/native/arch/x86_64/include/uk/plat/native/arch/regs.h:203:1: error: attribute(target("general-regs-only")) is unknown"
level=warning msg="  203 | {"
level=warning msg="      | ^"
level=warning msg="In file included from /home/jerrytsai/unikraft/plat/native/pal/include/uk/plat/pal/except.h:11,"
level=warning msg="                 from /home/jerrytsai/unikraft/lib/uklcpu/include/uk/lcpu/except.h:11,"
level=warning msg="                 from /home/jerrytsai/unikraft/lib/uklcpu/include/uk/lcpu.h:20,"
level=warning msg="                 from /home/jerrytsai/unikraft/lib/ukdebug/include/uk/assert.h:39,"
level=warning msg="                 from /home/jerrytsai/unikraft/lib/ukalloc/include/uk/alloc.h:40,"
level=warning msg="                 from /home/jerrytsai/unikraft/lib/nolibc/include/stdlib.h:33,"
level=warning msg="                 from /home/jerrytsai/unikraft/plat/kvm/x86/time.c:41:"
level=warning msg="/home/jerrytsai/unikraft/plat/native/arch/x86_64/include/uk/plat/native/arch/except.h:68:1: error: attribute(target("general-regs-only")) is unknown"
level=warning msg="   68 | {"
level=warning msg="      | ^"
level=warning msg="/home/jerrytsai/unikraft/plat/native/arch/x86_64/include/uk/plat/native/arch/except.h:76:1: error: attribute(target("general-regs-only")) is unknown"
level=warning msg="   76 | {"
level=warning msg="      | ^"
level=warning msg="/home/jerrytsai/unikraft/plat/native/arch/x86_64/include/uk/plat/native/arch/except.h:83:1: error: attribute(target("general-regs-only")) is unknown"
level=warning msg="   83 | {"
level=warning msg="      | ^"
level=warning msg="/home/jerrytsai/unikraft/plat/native/arch/x86_64/include/uk/plat/native/arch/except.h:91:1: error: attribute(target("general-regs-only")) is unknown"
level=warning msg="   91 | {"
level=warning msg="      | ^"
level=warning msg="/home/jerrytsai/unikraft/plat/native/arch/x86_64/include/uk/plat/native/arch/except.h:98:1: error: attribute(target("general-regs-only")) is unknown"
level=warning msg="   98 | {"
level=warning msg="      | ^"
level=warning msg="/home/jerrytsai/unikraft/plat/native/arch/x86_64/include/uk/plat/native/arch/except.h:106:1: error: attribute(target("general-regs-only")) is unknown"
level=warning msg="  106 | {"
level=warning msg="      | ^"
level=warning msg="/home/jerrytsai/unikraft/plat/native/arch/x86_64/include/uk/plat/native/arch/except.h:113:1: error: attribute(target("general-regs-only")) is unknown"
level=warning msg="  113 | {"
level=warning msg="      | ^"
level=warning msg="/home/jerrytsai/unikraft/plat/native/arch/x86_64/include/uk/plat/native/arch/except.h:121:1: error: attribute(target("general-regs-only")) is unknown"
level=warning msg="  121 | {"
level=warning msg="      | ^"
level=warning msg="/home/jerrytsai/unikraft/plat/native/arch/x86_64/include/uk/plat/native/arch/except.h:128:1: error: attribute(target("general-regs-only")) is unknown"
level=warning msg="  128 | {"
level=warning msg="      | ^"
level=warning msg="/home/jerrytsai/unikraft/plat/native/arch/x86_64/include/uk/plat/native/arch/except.h:136:1: error: attribute(target("general-regs-only")) is unknown"
level=warning msg="  136 | {"
level=warning msg="      | ^"
level=warning msg="/home/jerrytsai/unikraft/plat/native/arch/x86_64/include/uk/plat/native/arch/except.h:143:1: error: attribute(target("general-regs-only")) is unknown"
level=warning msg="  143 | {"
level=warning msg="      | ^"
level=warning msg="/home/jerrytsai/unikraft/plat/native/arch/x86_64/include/uk/plat/native/arch/except.h:151:1: error: attribute(target("general-regs-only")) is unknown"
level=warning msg="  151 | {"
level=warning msg="      | ^"
level=warning msg="/home/jerrytsai/unikraft/plat/native/arch/x86_64/include/uk/plat/native/arch/except.h:170:1: error: attribute(target("general-regs-only")) is unknown"
level=warning msg="  170 | {"
level=warning msg="      | ^"
level=warning msg="/home/jerrytsai/unikraft/plat/native/arch/x86_64/include/uk/plat/native/arch/except.h:178:1: error: attribute(target("general-regs-only")) is unknown"
level=warning msg="  178 | {"
level=warning msg="      | ^"
level=warning msg="/home/jerrytsai/unikraft/plat/native/arch/x86_64/include/uk/plat/native/arch/except.h:185:1: error: attribute(target("general-regs-only")) is unknown"
level=warning msg="  185 | {"
level=warning msg="      | ^"
level=warning msg="/home/jerrytsai/unikraft/plat/native/arch/x86_64/include/uk/plat/native/arch/except.h:193:1: error: attribute(target("general-regs-only")) is unknown"
level=warning msg="  193 | {"
level=warning msg="      | ^"
level=warning msg="/home/jerrytsai/unikraft/plat/native/arch/x86_64/include/uk/plat/native/arch/except.h:203:1: error: attribute(target("general-regs-only")) is unknown"
level=warning msg="  203 | __isr int uk_plat_native_except_init(void);"
level=warning msg="      | ^~~~~"
level=warning msg="/home/jerrytsai/unikraft/plat/native/arch/x86_64/include/uk/plat/native/arch/except.h:210:1: error: attribute(target("general-regs-only")) is unknown"
level=warning msg="  210 | {"
level=warning msg="      | ^"
level=warning msg="/home/jerrytsai/unikraft/plat/native/arch/x86_64/include/uk/plat/native/arch/except.h:220:1: error: attribute(target("general-regs-only")) is unknown"
level=warning msg="  220 | {"
level=warning msg="      | ^"
level=warning msg="/home/jerrytsai/unikraft/plat/native/arch/x86_64/include/uk/plat/native/arch/except.h:232:1: error: attribute(target("general-regs-only")) is unknown"
level=warning msg="  232 | {"
level=warning msg="      | ^"
level=warning msg="/home/jerrytsai/unikraft/plat/native/arch/x86_64/include/uk/plat/native/arch/except.h:248:1: error: attribute(target("general-regs-only")) is unknown"
level=warning msg="  248 | {"
level=warning msg="      | ^"
level=warning msg="/home/jerrytsai/unikraft/plat/native/arch/x86_64/include/uk/plat/native/arch/except.h:261:1: error: attribute(target("general-regs-only")) is unknown"
level=warning msg="  261 | {"
level=warning msg="      | ^"
level=warning msg="/home/jerrytsai/unikraft/plat/native/arch/x86_64/include/uk/plat/native/arch/except.h:277:1: error: attribute(target("general-regs-only")) is unknown"
level=warning msg="  277 | __isr __uptr uk_plat_native_except_get_except_stack_base(void);"
level=warning msg="      | ^~~~~"
level=warning msg="/home/jerrytsai/unikraft/plat/native/arch/x86_64/include/uk/plat/native/arch/except.h:284:1: error: attribute(target("general-regs-only")) is unknown"
level=warning msg="  284 | __isr void uk_plat_native_except_push_nested(void);"
level=warning msg="      | ^~~~~"
level=warning msg="/home/jerrytsai/unikraft/plat/native/arch/x86_64/include/uk/plat/native/arch/except.h:291:1: error: attribute(target("general-regs-only")) is unknown"
level=warning msg="  291 | __isr void uk_plat_native_except_pop_nested(void);"
level=warning msg="      | ^~~~~"
level=warning msg="In file included from /home/jerrytsai/unikraft/plat/native/pal/include/uk/plat/pal/except.h:12,"
level=warning msg="                 from /home/jerrytsai/unikraft/lib/uklcpu/include/uk/lcpu/except.h:11,"
level=warning msg="                 from /home/jerrytsai/unikraft/lib/uklcpu/include/uk/lcpu.h:20,"
level=warning msg="                 from /home/jerrytsai/unikraft/lib/ukdebug/include/uk/assert.h:39,"
level=warning msg="                 from /home/jerrytsai/unikraft/lib/ukalloc/include/uk/alloc.h:40,"
level=warning msg="                 from /home/jerrytsai/unikraft/lib/nolibc/include/stdlib.h:33,"
level=warning msg="                 from /home/jerrytsai/unikraft/plat/kvm/x86/time.c:41:"
level=warning msg="/home/jerrytsai/unikraft/plat/native/pal/arch/x86_64/include/uk/plat/pal/arch/except.h:25:1: error: attribute(target("general-regs-only")) is unknown"
level=warning msg="   25 | {"
level=warning msg="      | ^"
level=warning msg="/home/jerrytsai/unikraft/plat/native/pal/arch/x86_64/include/uk/plat/pal/arch/except.h:33:1: error: attribute(target("general-regs-only")) is unknown"
level=warning msg="   33 | {"
level=warning msg="      | ^"
level=warning msg="/home/jerrytsai/unikraft/plat/native/pal/arch/x86_64/include/uk/plat/pal/arch/except.h:41:1: error: attribute(target("general-regs-only")) is unknown"
level=warning msg="   41 | {"
level=warning msg="      | ^"
level=warning msg="/home/jerrytsai/unikraft/plat/native/pal/arch/x86_64/include/uk/plat/pal/arch/except.h:49:1: error: attribute(target("general-regs-only")) is unknown"
level=warning msg="   49 | {"
level=warning msg="      | ^"
level=warning msg="In file included from /home/jerrytsai/unikraft/lib/uklcpu/include/uk/lcpu/except.h:11,"
level=warning msg="                 from /home/jerrytsai/unikraft/lib/uklcpu/include/uk/lcpu.h:20,"
level=warning msg="                 from /home/jerrytsai/unikraft/lib/ukdebug/include/uk/assert.h:39,"
level=warning msg="                 from /home/jerrytsai/unikraft/lib/ukalloc/include/uk/alloc.h:40,"
level=warning msg="                 from /home/jerrytsai/unikraft/lib/nolibc/include/stdlib.h:33,"
level=warning msg="                 from /home/jerrytsai/unikraft/plat/kvm/x86/time.c:41:"
level=warning msg="/home/jerrytsai/unikraft/plat/native/pal/include/uk/plat/pal/except.h:42:1: error: attribute(target("general-regs-only")) is unknown"
level=warning msg="   42 | {"
level=warning msg="      | ^"
level=warning msg="/home/jerrytsai/unikraft/plat/native/pal/include/uk/plat/pal/except.h:50:1: error: attribute(target("general-regs-only")) is unknown"
level=warning msg="   50 | {"
level=warning msg="      | ^"
level=warning msg="/home/jerrytsai/unikraft/plat/native/pal/include/uk/plat/pal/except.h:57:1: error: attribute(target("general-regs-only")) is unknown"
level=warning msg="   57 | {"
level=warning msg="      | ^"
level=warning msg="/home/jerrytsai/unikraft/plat/native/pal/include/uk/plat/pal/except.h:65:1: error: attribute(target("general-regs-only")) is unknown"
level=warning msg="   65 | {"
level=warning msg="      | ^"
level=warning msg="/home/jerrytsai/unikraft/plat/native/pal/include/uk/plat/pal/except.h:72:1: error: attribute(target("general-regs-only")) is unknown"
level=warning msg="   72 | {"
level=warning msg="      | ^"
level=warning msg="/home/jerrytsai/unikraft/plat/native/pal/include/uk/plat/pal/except.h:80:1: error: attribute(target("general-regs-only")) is unknown"
level=warning msg="   80 | {"
level=warning msg="      | ^"
level=warning msg="/home/jerrytsai/unikraft/plat/native/pal/include/uk/plat/pal/except.h:88:1: error: attribute(target("general-regs-only")) is unknown"
level=warning msg="   88 | {"
level=warning msg="      | ^"
level=warning msg="/home/jerrytsai/unikraft/plat/native/pal/include/uk/plat/pal/except.h:96:1: error: attribute(target("general-regs-only")) is unknown"
level=warning msg="   96 | {"
level=warning msg="      | ^"
level=warning msg="/home/jerrytsai/unikraft/plat/native/pal/include/uk/plat/pal/except.h:105:1: error: attribute(target("general-regs-only")) is unknown"
level=warning msg="  105 | {"
level=warning msg="      | ^"
level=warning msg="/home/jerrytsai/unikraft/plat/native/pal/include/uk/plat/pal/except.h:113:1: error: attribute(target("general-regs-only")) is unknown"
level=warning msg="  113 | {"
level=warning msg="      | ^"
level=warning msg="/home/jerrytsai/unikraft/plat/native/pal/include/uk/plat/pal/except.h:121:1: error: attribute(target("general-regs-only")) is unknown"
level=warning msg="  121 | {"
level=warning msg="      | ^"
level=warning msg="/home/jerrytsai/unikraft/plat/native/pal/include/uk/plat/pal/except.h:129:1: error: attribute(target("general-regs-only")) is unknown"
level=warning msg="  129 | {"
level=warning msg="      | ^"
level=warning msg="/home/jerrytsai/unikraft/plat/native/pal/include/uk/plat/pal/except.h:135:1: error: attribute(target("general-regs-only")) is unknown"
level=warning msg="  135 | {"
level=warning msg="      | ^"
level=warning msg="/home/jerrytsai/unikraft/plat/native/pal/include/uk/plat/pal/except.h:140:1: error: attribute(target("general-regs-only")) is unknown"
level=warning msg="  140 | {"
level=warning msg="      | ^"
level=warning msg="/home/jerrytsai/unikraft/plat/native/pal/include/uk/plat/pal/except.h:145:1: error: attribute(target("general-regs-only")) is unknown"
level=warning msg="  145 | {"
level=warning msg="      | ^"
level=warning msg="/home/jerrytsai/unikraft/plat/native/pal/include/uk/plat/pal/except.h:150:1: error: attribute(target("general-regs-only")) is unknown"
level=warning msg="  150 | {"
level=warning msg="      | ^"
level=warning msg="/home/jerrytsai/unikraft/plat/native/pal/include/uk/plat/pal/except.h:155:1: error: attribute(target("general-regs-only")) is unknown"
level=warning msg="  155 | {"
level=warning msg="      | ^"
level=warning msg="/home/jerrytsai/unikraft/plat/native/pal/include/uk/plat/pal/except.h:165:1: error: attribute(target("general-regs-only")) is unknown"
level=warning msg="  165 | {"
level=warning msg="      | ^"
level=warning msg="/home/jerrytsai/unikraft/plat/native/pal/include/uk/plat/pal/except.h:170:1: error: attribute(target("general-regs-only")) is unknown"
level=warning msg="  170 | {"
level=warning msg="      | ^"
level=warning msg="/home/jerrytsai/unikraft/plat/native/pal/include/uk/plat/pal/except.h:175:1: error: attribute(target("general-regs-only")) is unknown"
level=warning msg="  175 | {"
level=warning msg="      | ^"
level=warning msg="/home/jerrytsai/unikraft/plat/native/pal/include/uk/plat/pal/except.h:180:1: error: attribute(target("general-regs-only")) is unknown"
level=warning msg="  180 | {"
level=warning msg="      | ^"
level=warning msg="In file included from /home/jerrytsai/unikraft/lib/ukpal/include/uk/pal/except.h:19,"
level=warning msg="                 from /home/jerrytsai/unikraft/lib/uklcpu/include/uk/lcpu/except.h:12,"
level=warning msg="                 from /home/jerrytsai/unikraft/lib/uklcpu/include/uk/lcpu.h:20,"
level=warning msg="                 from /home/jerrytsai/unikraft/lib/ukdebug/include/uk/assert.h:39,"
level=warning msg="                 from /home/jerrytsai/unikraft/lib/ukalloc/include/uk/alloc.h:40,"
level=warning msg="                 from /home/jerrytsai/unikraft/lib/nolibc/include/stdlib.h:33,"
level=warning msg="                 from /home/jerrytsai/unikraft/plat/kvm/x86/time.c:41:"
level=warning msg="/home/jerrytsai/unikraft/lib/ukpal/arch/x86_64/include/uk/pal/arch/except.h:25:15: error: attribute(target("general-regs-only")) is unknown"
level=warning msg="   25 |  const struct uk_pal_except_err_ctx *ctx);"
level=warning msg="      |               ^~~~~~~~~~~~~~~~~~~~~"
level=warning msg="/home/jerrytsai/unikraft/lib/ukpal/arch/x86_64/include/uk/pal/arch/except.h:29:2: error: attribute(target("general-regs-only")) is unknown"
level=warning msg="   29 |  __u32 trapnr);"
level=warning msg="      |  ^~~~~"
level=warning msg="/home/jerrytsai/unikraft/lib/ukpal/arch/x86_64/include/uk/pal/arch/except.h:32:15: error: attribute(target("general-regs-only")) is unknown"
level=warning msg="   32 |  const struct uk_pal_except_err_ctx *ctx);"
level=warning msg="      |               ^~~~~~~~~~~~~~~~~~~~~"
level=warning msg="/home/jerrytsai/unikraft/lib/ukpal/arch/x86_64/include/uk/pal/arch/except.h:36:2: error: attribute(target("general-regs-only")) is unknown"
level=warning msg="   36 |  __u64 error_code);"
level=warning msg="      |  ^~~~~"
level=warning msg="In file included from /home/jerrytsai/unikraft/lib/uklcpu/include/uk/lcpu/except.h:12,"
level=warning msg="                 from /home/jerrytsai/unikraft/lib/uklcpu/include/uk/lcpu.h:20,"
level=warning msg="                 from /home/jerrytsai/unikraft/lib/ukdebug/include/uk/assert.h:39,"
level=warning msg="                 from /home/jerrytsai/unikraft/lib/ukalloc/include/uk/alloc.h:40,"
level=warning msg="                 from /home/jerrytsai/unikraft/lib/nolibc/include/stdlib.h:33,"
level=warning msg="                 from /home/jerrytsai/unikraft/plat/kvm/x86/time.c:41:"
level=warning msg="/home/jerrytsai/unikraft/lib/ukpal/include/uk/pal/except.h:77:15: error: attribute(target("general-regs-only")) is unknown"
level=warning msg="   77 |  const struct uk_pal_except_err_ctx *ctx);"
level=warning msg="      |               ^~~~~~~~~~~~~~~~~~~~~"
level=warning msg="/home/jerrytsai/unikraft/lib/ukpal/include/uk/pal/except.h:81:2: error: attribute(target("general-regs-only")) is unknown"
level=warning msg="   81 |  const char *str);"
level=warning msg="      |  ^~~~~"
level=warning msg="/home/jerrytsai/unikraft/lib/ukpal/include/uk/pal/except.h:84:15: error: attribute(target("general-regs-only")) is unknown"
level=warning msg="   84 |  const struct uk_pal_except_err_ctx *ctx);"
level=warning msg="      |               ^~~~~~~~~~~~~~~~~~~~~"
level=warning msg="/home/jerrytsai/unikraft/lib/ukpal/include/uk/pal/except.h:88:2: error: attribute(target("general-regs-only")) is unknown"
level=warning msg="   88 |  int handler_err);"
level=warning msg="      |  ^~~"
level=warning msg="/home/jerrytsai/unikraft/lib/ukpal/include/uk/pal/except.h:91:15: error: attribute(target("general-regs-only")) is unknown"
level=warning msg="   91 |  const struct uk_pal_except_err_ctx *ctx);"
level=warning msg="      |               ^~~~~~~~~~~~~~~~~~~~~"
level=warning msg="/home/jerrytsai/unikraft/lib/ukpal/include/uk/pal/except.h:95:9: error: attribute(target("general-regs-only")) is unknown"
level=warning msg="   95 |  struct uk_pal_regs *regs);"
level=warning msg="      |         ^~~~~~~~~~~"
level=warning msg="/home/jerrytsai/unikraft/lib/ukpal/include/uk/pal/except.h:98:15: error: attribute(target("general-regs-only")) is unknown"
level=warning msg="   98 |  const struct uk_pal_except_err_ctx *ctx);"
level=warning msg="      |               ^~~~~~~~~~~~~~~~~~~~~"
level=warning msg="/home/jerrytsai/unikraft/lib/ukpal/include/uk/pal/except.h:102:2: error: attribute(target("general-regs-only")) is unknown"
level=warning msg="  102 |  __u64 fault_addr);"
level=warning msg="      |  ^~~~~"
level=warning msg="/home/jerrytsai/unikraft/lib/ukpal/include/uk/pal/except.h:114:15: error: attribute(target("general-regs-only")) is unknown"
level=warning msg="  114 |  const struct uk_pal_except_irq_ctx *ctx);"
level=warning msg="      |               ^~~~~~~~~~~~~~~~~~~~~"
level=warning msg="/home/jerrytsai/unikraft/lib/ukpal/include/uk/pal/except.h:118:9: error: attribute(target("general-regs-only")) is unknown"
level=warning msg="  118 |  struct uk_pal_regs *regs);"
level=warning msg="      |         ^~~~~~~~~~~"
level=warning msg="/home/jerrytsai/unikraft/lib/ukpal/include/uk/pal/except.h:121:15: error: attribute(target("general-regs-only")) is unknown"
level=warning msg="  121 |  const struct uk_pal_except_irq_ctx *ctx);"
level=warning msg="      |               ^~~~~~~~~~~~~~~~~~~~~"
level=warning msg="/home/jerrytsai/unikraft/lib/ukpal/include/uk/pal/except.h:125:2: error: attribute(target("general-regs-only")) is unknown"
level=warning msg="  125 |  __u32 irq);"
level=warning msg="      |  ^~~~~"
level=warning msg="/home/jerrytsai/unikraft/lib/ukpal/include/uk/pal/except.h:133:1: error: attribute(target("general-regs-only")) is unknown"
level=warning msg="  133 | __isr void uk_pal_except_push_nested(void);"
level=warning msg="      | ^~~~~"
level=warning msg="/home/jerrytsai/unikraft/lib/ukpal/include/uk/pal/except.h:139:1: error: attribute(target("general-regs-only")) is unknown"
level=warning msg="  139 | __isr void uk_pal_except_pop_nested(void);"
level=warning msg="      | ^~~~~"
level=warning msg="/home/jerrytsai/unikraft/lib/ukpal/include/uk/pal/except.h:147:1: error: attribute(target("general-regs-only")) is unknown"
level=warning msg="  147 | __isr void uk_pal_disable_irq(void);"
level=warning msg="      | ^~~~~"
level=warning msg="/home/jerrytsai/unikraft/lib/ukpal/include/uk/pal/except.h:153:1: error: attribute(target("general-regs-only")) is unknown"
level=warning msg="  153 | __isr void uk_pal_enable_irq(void);"
level=warning msg="      | ^~~~~"
level=warning msg="/home/jerrytsai/unikraft/lib/ukpal/include/uk/pal/except.h:160:1: error: attribute(target("general-regs-only")) is unknown"
level=warning msg="  160 | __isr int uk_pal_irqs_disabled(void);"
level=warning msg="      | ^~~~~"
level=warning msg="/home/jerrytsai/unikraft/lib/ukpal/include/uk/pal/except.h:166:1: error: attribute(target("general-regs-only")) is unknown"
level=warning msg="  166 | __isr void uk_pal_irqs_handle_pending(void);"
level=warning msg="      | ^~~~~"
level=warning msg="/home/jerrytsai/unikraft/lib/ukpal/include/uk/pal/except.h:174:1: error: attribute(target("general-regs-only")) is unknown"
level=warning msg="  174 | __isr void uk_pal_restore_irqf(unsigned long flags);"
level=warning msg="      | ^~~~~"
level=warning msg="/home/jerrytsai/unikraft/lib/ukpal/include/uk/pal/except.h:182:1: error: attribute(target("general-regs-only")) is unknown"
level=warning msg="  182 | __isr unsigned long uk_pal_save_irqf(void);"
level=warning msg="      | ^~~~~"
level=warning msg="/home/jerrytsai/unikraft/lib/ukpal/include/uk/pal/except.h:189:1: error: attribute(target("general-regs-only")) is unknown"
level=warning msg="  189 | __isr __uptr uk_pal_except_get_except_stack_base(void);"
level=warning msg="      | ^~~~~"
level=warning msg="/home/jerrytsai/unikraft/lib/ukpal/include/uk/pal/except.h:196:1: error: attribute(target("general-regs-only")) is unknown"
level=warning msg="  196 | __isr int uk_pal_except_init(void);"
level=warning msg="      | ^~~~~"
level=warning msg="In file included from /home/jerrytsai/unikraft/lib/uklcpu/include/uk/lcpu/except.h:13,"
level=warning msg="                 from /home/jerrytsai/unikraft/lib/uklcpu/include/uk/lcpu.h:20,"
level=warning msg="                 from /home/jerrytsai/unikraft/lib/ukdebug/include/uk/assert.h:39,"
level=warning msg="                 from /home/jerrytsai/unikraft/lib/ukalloc/include/uk/alloc.h:40,"
level=warning msg="                 from /home/jerrytsai/unikraft/lib/nolibc/include/stdlib.h:33,"
level=warning msg="                 from /home/jerrytsai/unikraft/plat/kvm/x86/time.c:41:"
level=warning msg="/home/jerrytsai/unikraft/lib/uklcpu/arch/x86_64/include/uk/lcpu/arch/except.h:26:1: error: attribute(target("general-regs-only")) is unknown"
level=warning msg="   26 | {"
level=warning msg="      | ^"
level=warning msg="/home/jerrytsai/unikraft/lib/uklcpu/arch/x86_64/include/uk/lcpu/arch/except.h:34:1: error: attribute(target("general-regs-only")) is unknown"
level=warning msg="   34 | {"
level=warning msg="      | ^"
level=warning msg="/home/jerrytsai/unikraft/lib/uklcpu/arch/x86_64/include/uk/lcpu/arch/except.h:42:1: error: attribute(target("general-regs-only")) is unknown"
level=warning msg="   42 | {"
level=warning msg="      | ^"
level=warning msg="/home/jerrytsai/unikraft/lib/uklcpu/arch/x86_64/include/uk/lcpu/arch/except.h:50:1: error: attribute(target("general-regs-only")) is unknown"
level=warning msg="   50 | {"
level=warning msg="      | ^"
level=warning msg="In file included from /home/jerrytsai/unikraft/lib/uklcpu/include/uk/lcpu.h:20,"
level=warning msg="                 from /home/jerrytsai/unikraft/lib/ukdebug/include/uk/assert.h:39,"
level=warning msg="                 from /home/jerrytsai/unikraft/lib/ukalloc/include/uk/alloc.h:40,"
level=warning msg="                 from /home/jerrytsai/unikraft/lib/nolibc/include/stdlib.h:33,"
level=warning msg="                 from /home/jerrytsai/unikraft/plat/kvm/x86/time.c:41:"
level=warning msg="/home/jerrytsai/unikraft/lib/uklcpu/include/uk/lcpu/except.h:43:1: error: attribute(target("general-regs-only")) is unknown"
level=warning msg="   43 | {"
level=warning msg="      | ^"
level=warning msg="/home/jerrytsai/unikraft/lib/uklcpu/include/uk/lcpu/except.h:51:1: error: attribute(target("general-regs-only")) is unknown"
level=warning msg="   51 | {"
level=warning msg="      | ^"
level=warning msg="/home/jerrytsai/unikraft/lib/uklcpu/include/uk/lcpu/except.h:58:1: error: attribute(target("general-regs-only")) is unknown"
level=warning msg="   58 | {"
level=warning msg="      | ^"
level=warning msg="/home/jerrytsai/unikraft/lib/uklcpu/include/uk/lcpu/except.h:66:1: error: attribute(target("general-regs-only")) is unknown"
level=warning msg="   66 | {"
level=warning msg="      | ^"
level=warning msg="/home/jerrytsai/unikraft/lib/uklcpu/include/uk/lcpu/except.h:73:1: error: attribute(target("general-regs-only")) is unknown"
level=warning msg="   73 | {"
level=warning msg="      | ^"
level=warning msg="/home/jerrytsai/unikraft/lib/uklcpu/include/uk/lcpu/except.h:81:1: error: attribute(target("general-regs-only")) is unknown"
level=warning msg="   81 | {"
level=warning msg="      | ^"
level=warning msg="/home/jerrytsai/unikraft/lib/uklcpu/include/uk/lcpu/except.h:88:1: error: attribute(target("general-regs-only")) is unknown"
level=warning msg="   88 | {"
level=warning msg="      | ^"
level=warning msg="/home/jerrytsai/unikraft/lib/uklcpu/include/uk/lcpu/except.h:96:1: error: attribute(target("general-regs-only")) is unknown"
level=warning msg="   96 | {"
level=warning msg="      | ^"
level=warning msg="/home/jerrytsai/unikraft/lib/uklcpu/include/uk/lcpu/except.h:106:1: error: attribute(target("general-regs-only")) is unknown"
level=warning msg="  106 | {"
level=warning msg="      | ^"
level=warning msg="/home/jerrytsai/unikraft/lib/uklcpu/include/uk/lcpu/except.h:114:1: error: attribute(target("general-regs-only")) is unknown"
level=warning msg="  114 | {"
level=warning msg="      | ^"
level=warning msg="/home/jerrytsai/unikraft/lib/uklcpu/include/uk/lcpu/except.h:122:1: error: attribute(target("general-regs-only")) is unknown"
level=warning msg="  122 | {"
level=warning msg="      | ^"
level=warning msg="/home/jerrytsai/unikraft/lib/uklcpu/include/uk/lcpu/except.h:130:1: error: attribute(target("general-regs-only")) is unknown"
level=warning msg="  130 | {"
level=warning msg="      | ^"
level=warning msg="/home/jerrytsai/unikraft/lib/uklcpu/include/uk/lcpu/except.h:135:1: error: attribute(target("general-regs-only")) is unknown"
level=warning msg="  135 | {"
level=warning msg="      | ^"
level=warning msg="/home/jerrytsai/unikraft/lib/uklcpu/include/uk/lcpu/except.h:140:1: error: attribute(target("general-regs-only")) is unknown"
level=warning msg="  140 | {"
level=warning msg="      | ^"
level=warning msg="/home/jerrytsai/unikraft/lib/uklcpu/include/uk/lcpu/except.h:145:1: error: attribute(target("general-regs-only")) is unknown"
level=warning msg="  145 | {"
level=warning msg="      | ^"
level=warning msg="/home/jerrytsai/unikraft/lib/uklcpu/include/uk/lcpu/except.h:150:1: error: attribute(target("general-regs-only")) is unknown"
level=warning msg="  150 | {"
level=warning msg="      | ^"
level=warning msg="/home/jerrytsai/unikraft/lib/uklcpu/include/uk/lcpu/except.h:155:1: error: attribute(target("general-regs-only")) is unknown"
level=warning msg="  155 | {"
level=warning msg="      | ^"
level=warning msg="/home/jerrytsai/unikraft/lib/uklcpu/include/uk/lcpu/except.h:165:1: error: attribute(target("general-regs-only")) is unknown"
level=warning msg="  165 | {"
level=warning msg="      | ^"
level=warning msg="/home/jerrytsai/unikraft/lib/uklcpu/include/uk/lcpu/except.h:170:1: error: attribute(target("general-regs-only")) is unknown"
level=warning msg="  170 | {"
level=warning msg="      | ^"
level=warning msg="In file included from /home/jerrytsai/unikraft/lib/uklcpu/include/uk/lcpu/regs.h:11,"
level=warning msg="                 from /home/jerrytsai/unikraft/lib/uklcpu/include/uk/lcpu.h:22,"
level=warning msg="                 from /home/jerrytsai/unikraft/lib/ukdebug/include/uk/assert.h:39,"
level=warning msg="                 from /home/jerrytsai/unikraft/lib/ukalloc/include/uk/alloc.h:40,"
level=warning msg="                 from /home/jerrytsai/unikraft/lib/nolibc/include/stdlib.h:33,"
level=warning msg="                 from /home/jerrytsai/unikraft/plat/kvm/x86/time.c:41:"
level=warning msg="/home/jerrytsai/unikraft/plat/native/pal/include/uk/plat/pal/regs.h:30:1: error: attribute(target("general-regs-only")) is unknown"
level=warning msg="   30 | {"
level=warning msg="      | ^"
level=warning msg="/home/jerrytsai/unikraft/plat/native/pal/include/uk/plat/pal/regs.h:37:1: error: attribute(target("general-regs-only")) is unknown"
level=warning msg="   37 | {"
level=warning msg="      | ^"
level=warning msg="In file included from /home/jerrytsai/unikraft/lib/uklcpu/include/uk/lcpu/regs.h:12,"
level=warning msg="                 from /home/jerrytsai/unikraft/lib/uklcpu/include/uk/lcpu.h:22,"
level=warning msg="                 from /home/jerrytsai/unikraft/lib/ukdebug/include/uk/assert.h:39,"
level=warning msg="                 from /home/jerrytsai/unikraft/lib/ukalloc/include/uk/alloc.h:40,"
level=warning msg="                 from /home/jerrytsai/unikraft/lib/nolibc/include/stdlib.h:33,"
level=warning msg="                 from /home/jerrytsai/unikraft/plat/kvm/x86/time.c:41:"
level=warning msg="/home/jerrytsai/unikraft/lib/ukpal/include/uk/pal/regs.h:63:42: error: attribute(target("general-regs-only")) is unknown"
level=warning msg="   63 | __isr __u64 uk_pal_regs_get(const struct uk_pal_regs *regs, __sz offset);"
level=warning msg="      |                                          ^~~~~~~~~~~"
level=warning msg="/home/jerrytsai/unikraft/lib/ukpal/include/uk/pal/regs.h:72:35: error: attribute(target("general-regs-only")) is unknown"
level=warning msg="   72 | __isr void uk_pal_regs_set(struct uk_pal_regs *regs, __sz offset, __u64 val);"
level=warning msg="      |                                   ^~~~~~~~~~~"
level=warning msg="In file included from /home/jerrytsai/unikraft/plat/native/pal/include/uk/plat/pal/sysctx.h:11,"
level=warning msg="                 from /home/jerrytsai/unikraft/lib/uklcpu/include/uk/lcpu/sysctx.h:11,"
level=warning msg="                 from /home/jerrytsai/unikraft/lib/uklcpu/include/uk/lcpu.h:24,"
level=warning msg="                 from /home/jerrytsai/unikraft/lib/ukdebug/include/uk/assert.h:39,"
level=warning msg="                 from /home/jerrytsai/unikraft/lib/ukalloc/include/uk/alloc.h:40,"
level=warning msg="                 from /home/jerrytsai/unikraft/lib/nolibc/include/stdlib.h:33,"
level=warning msg="                 from /home/jerrytsai/unikraft/plat/kvm/x86/time.c:41:"
level=warning msg="/home/jerrytsai/unikraft/plat/native/arch/x86_64/include/uk/plat/native/arch/sysctx.h:91:1: error: attribute(target("general-regs-only")) is unknown"
level=warning msg="   91 | {"
level=warning msg="      | ^"
level=warning msg="/home/jerrytsai/unikraft/plat/native/arch/x86_64/include/uk/plat/native/arch/sysctx.h:106:1: error: attribute(target("general-regs-only")) is unknown"
level=warning msg="  106 | {"
level=warning msg="      | ^"
level=warning msg="/home/jerrytsai/unikraft/plat/native/arch/x86_64/include/uk/plat/native/arch/sysctx.h:129:1: error: attribute(target("general-regs-only")) is unknown"
level=warning msg="  129 | {"
level=warning msg="      | ^"
level=warning msg="/home/jerrytsai/unikraft/plat/native/arch/x86_64/include/uk/plat/native/arch/sysctx.h:140:1: error: attribute(target("general-regs-only")) is unknown"
level=warning msg="  140 | {"
level=warning msg="      | ^"
level=warning msg="/home/jerrytsai/unikraft/plat/native/arch/x86_64/include/uk/plat/native/arch/sysctx.h:151:47: error: attribute(target("general-regs-only")) is unknown"
level=warning msg="  151 | __isr void uk_plat_native_sysctx_store(struct uk_plat_native_sysctx *sysctx);"
level=warning msg="      |                                               ^~~~~~~~~~~~~~~~~~~~~"
level=warning msg="/home/jerrytsai/unikraft/plat/native/arch/x86_64/include/uk/plat/native/arch/sysctx.h:160:46: error: attribute(target("general-regs-only")) is unknown"
level=warning msg="  160 | __isr void uk_plat_native_sysctx_load(struct uk_plat_native_sysctx *sysctx);"
level=warning msg="      |                                              ^~~~~~~~~~~~~~~~~~~~~"
level=warning msg="In file included from /home/jerrytsai/unikraft/lib/uklcpu/include/uk/lcpu/sysctx.h:11,"
level=warning msg="                 from /home/jerrytsai/unikraft/lib/uklcpu/include/uk/lcpu.h:24,"
level=warning msg="                 from /home/jerrytsai/unikraft/lib/ukdebug/include/uk/assert.h:39,"
level=warning msg="                 from /home/jerrytsai/unikraft/lib/ukalloc/include/uk/alloc.h:40,"
level=warning msg="                 from /home/jerrytsai/unikraft/lib/nolibc/include/stdlib.h:33,"
level=warning msg="                 from /home/jerrytsai/unikraft/plat/kvm/x86/time.c:41:"
level=warning msg="/home/jerrytsai/unikraft/plat/native/pal/include/uk/plat/pal/sysctx.h:33:1: error: attribute(target("general-regs-only")) is unknown"
level=warning msg="   33 | {"
level=warning msg="      | ^"
level=warning msg="/home/jerrytsai/unikraft/plat/native/pal/include/uk/plat/pal/sysctx.h:41:1: error: attribute(target("general-regs-only")) is unknown"
level=warning msg="   41 | {"
level=warning msg="      | ^"
level=warning msg="/home/jerrytsai/unikraft/plat/native/pal/include/uk/plat/pal/sysctx.h:47:1: error: attribute(target("general-regs-only")) is unknown"
level=warning msg="   47 | {"
level=warning msg="      | ^"
level=warning msg="/home/jerrytsai/unikraft/plat/native/pal/include/uk/plat/pal/sysctx.h:52:1: error: attribute(target("general-regs-only")) is unknown"
level=warning msg="   52 | {"
level=warning msg="      | ^"
level=warning msg="/home/jerrytsai/unikraft/plat/native/pal/include/uk/plat/pal/sysctx.h:57:1: error: attribute(target("general-regs-only")) is unknown"
level=warning msg="   57 | {"
level=warning msg="      | ^"
level=warning msg="/home/jerrytsai/unikraft/plat/native/pal/include/uk/plat/pal/sysctx.h:62:1: error: attribute(target("general-regs-only")) is unknown"
level=warning msg="   62 | {"
level=warning msg="      | ^"
level=warning msg="In file included from /home/jerrytsai/unikraft/lib/uklcpu/include/uk/lcpu/sysctx.h:12,"
level=warning msg="                 from /home/jerrytsai/unikraft/lib/uklcpu/include/uk/lcpu.h:24,"
level=warning msg="                 from /home/jerrytsai/unikraft/lib/ukdebug/include/uk/assert.h:39,"
level=warning msg="                 from /home/jerrytsai/unikraft/lib/ukalloc/include/uk/alloc.h:40,"
level=warning msg="                 from /home/jerrytsai/unikraft/lib/nolibc/include/stdlib.h:33,"
level=warning msg="                 from /home/jerrytsai/unikraft/plat/kvm/x86/time.c:41:"
level=warning msg="/home/jerrytsai/unikraft/lib/ukpal/include/uk/pal/sysctx.h:60:44: error: attribute(target("general-regs-only")) is unknown"
level=warning msg="   60 | __isr __u64 uk_pal_sysctx_get(const struct uk_pal_sysctx *sc, __sz offset);"
level=warning msg="      |                                            ^~~~~~~~~~~~~"
level=warning msg="/home/jerrytsai/unikraft/lib/ukpal/include/uk/pal/sysctx.h:69:37: error: attribute(target("general-regs-only")) is unknown"
level=warning msg="   69 | __isr void uk_pal_sysctx_set(struct uk_pal_sysctx *sc, __sz offset, __u64 val);"
level=warning msg="      |                                     ^~~~~~~~~~~~~"
level=warning msg="/home/jerrytsai/unikraft/lib/ukpal/include/uk/pal/sysctx.h:76:39: error: attribute(target("general-regs-only")) is unknown"
level=warning msg="   76 | __isr void uk_pal_sysctx_store(struct uk_pal_sysctx *sysctx);"
level=warning msg="      |                                       ^~~~~~~~~~~~~"
level=warning msg="/home/jerrytsai/unikraft/lib/ukpal/include/uk/pal/sysctx.h:83:38: error: attribute(target("general-regs-only")) is unknown"
level=warning msg="   83 | __isr void uk_pal_sysctx_load(struct uk_pal_sysctx *sysctx);"
level=warning msg="      |                                      ^~~~~~~~~~~~~"
level=warning msg="/home/jerrytsai/unikraft/lib/ukpal/include/uk/pal/sysctx.h:90:1: error: attribute(target("general-regs-only")) is unknown"
level=warning msg="   90 | __isr __uptr uk_pal_tlsp_get(void);"
level=warning msg="      | ^~~~~"
level=warning msg="/home/jerrytsai/unikraft/lib/ukpal/include/uk/pal/sysctx.h:97:1: error: attribute(target("general-regs-only")) is unknown"
level=warning msg="   97 | __isr void uk_pal_tlsp_set(__uptr tlsp);"
level=warning msg="      | ^~~~~"
level=warning msg="In file included from /home/jerrytsai/unikraft/lib/uklcpu/include/uk/lcpu.h:24,"
level=warning msg="                 from /home/jerrytsai/unikraft/lib/ukdebug/include/uk/assert.h:39,"
level=warning msg="                 from /home/jerrytsai/unikraft/lib/ukalloc/include/uk/alloc.h:40,"
level=warning msg="                 from /home/jerrytsai/unikraft/lib/nolibc/include/stdlib.h:33,"
level=warning msg="                 from /home/jerrytsai/unikraft/plat/kvm/x86/time.c:41:"
level=warning msg="/home/jerrytsai/unikraft/lib/uklcpu/include/uk/lcpu/sysctx.h:33:1: error: attribute(target("general-regs-only")) is unknown"
level=warning msg="   33 | {"
level=warning msg="      | ^"
level=warning msg="/home/jerrytsai/unikraft/lib/uklcpu/include/uk/lcpu/sysctx.h:38:1: error: attribute(target("general-regs-only")) is unknown"
level=warning msg="   38 | {"
level=warning msg="      | ^"
level=warning msg="/home/jerrytsai/unikraft/lib/uklcpu/include/uk/lcpu/sysctx.h:43:1: error: attribute(target("general-regs-only")) is unknown"
level=warning msg="   43 | {"
level=warning msg="      | ^"
level=warning msg="/home/jerrytsai/unikraft/lib/uklcpu/include/uk/lcpu/sysctx.h:48:1: error: attribute(target("general-regs-only")) is unknown"
level=warning msg="   48 | {"
level=warning msg="      | ^"
level=warning msg="In file included from /home/jerrytsai/unikraft/lib/ukdebug/include/uk/assert.h:39,"
level=warning msg="                 from /home/jerrytsai/unikraft/lib/ukalloc/include/uk/alloc.h:40,"
level=warning msg="                 from /home/jerrytsai/unikraft/lib/nolibc/include/stdlib.h:33,"
level=warning msg="                 from /home/jerrytsai/unikraft/plat/kvm/x86/time.c:41:"
level=warning msg="/home/jerrytsai/unikraft/lib/uklcpu/include/uk/lcpu.h:303:1: error: attribute(target("general-regs-only")) is unknown"
level=warning msg="  303 | __isr __u64 uk_lcpu_get_current_idx_in_except(void);"
level=warning msg="      | ^~~~~"
level=warning msg="In file included from /home/jerrytsai/unikraft/lib/ukdebug/include/uk/assert.h:44,"
level=warning msg="                 from /home/jerrytsai/unikraft/lib/ukalloc/include/uk/alloc.h:40,"
level=warning msg="                 from /home/jerrytsai/unikraft/lib/nolibc/include/stdlib.h:33,"
level=warning msg="                 from /home/jerrytsai/unikraft/plat/kvm/x86/time.c:41:"
level=warning msg="/home/jerrytsai/unikraft/lib/ukprint/include/uk/print.h:67:7: error: attribute(target("general-regs-only")) is unknown"
level=warning msg="   67 |       unsigned int srcline, const char *fmt, va_list ap);"
level=warning msg="      |       ^~~~~~~~"
level=warning msg="/home/jerrytsai/unikraft/lib/ukprint/include/uk/print.h:70:6: error: attribute(target("general-regs-only")) is unknown"
level=warning msg="   70 |      const char *fmt, ...) __printf(5, 6);"
level=warning msg="      |      ^~~~~"
level=warning msg="make[3]: *** [/home/jerrytsai/unikraft/support/build/Makefile.build:49: /home/jerrytsai/vm-final-project/.unikraft/build/libkvmplat/time.o] Error 1"
level=info msg="  AS      libkvmplat: libinfo.libuklibid.o"
level=info msg="  CC      libkvmplat: memory.o"
level=info msg="  CC      libkvmplat: qemu.x86.o"
level=warning msg="In file included from /home/jerrytsai/unikraft/plat/native/pal/include/uk/plat/pal/ectx.h:11,"
level=warning msg="                 from /home/jerrytsai/unikraft/lib/uklcpu/include/uk/lcpu/ectx.h:11,"
level=warning msg="                 from /home/jerrytsai/unikraft/lib/uklcpu/include/uk/lcpu.h:19,"
level=warning msg="                 from /home/jerrytsai/unikraft/lib/ukdebug/include/uk/assert.h:39,"
level=warning msg="                 from /home/jerrytsai/unikraft/lib/ukalloc/include/uk/alloc.h:40,"
level=warning msg="                 from /home/jerrytsai/unikraft/include/uk/plat/memory.h:39,"
level=warning msg="                 from /home/jerrytsai/unikraft/plat/common/include/uk/plat/common/bootinfo.h:12,"
level=warning msg="                 from /home/jerrytsai/unikraft/lib/ukboot/include/uk/boot/earlytab.h:11,"
level=warning msg="                 from /home/jerrytsai/unikraft/plat/kvm/x86/qemu.c:8:"
level=warning msg="/home/jerrytsai/unikraft/plat/native/arch/x86_64/include/uk/plat/native/arch/ectx.h:70:48: error: attribute(target("general-regs-only")) is unknown"
level=warning msg="   70 | __isr void uk_plat_native_ectx_sanitize(struct uk_plat_native_ectx *state);"
level=warning msg="      |                                                ^~~~~~~~~~~~~~~~~~~"
level=warning msg="/home/jerrytsai/unikraft/plat/native/arch/x86_64/include/uk/plat/native/arch/ectx.h:79:45: error: attribute(target("general-regs-only")) is unknown"
level=warning msg="   79 | __isr void uk_plat_native_ectx_store(struct uk_plat_native_ectx *state);"
level=warning msg="      |                                             ^~~~~~~~~~~~~~~~~~~"
level=warning msg="/home/jerrytsai/unikraft/plat/native/arch/x86_64/include/uk/plat/native/arch/ectx.h:90:44: error: attribute(target("general-regs-only")) is unknown"
level=warning msg="   90 | __isr void uk_plat_native_ectx_load(struct uk_plat_native_ectx *state);"
level=warning msg="      |                                            ^~~~~~~~~~~~~~~~~~~"
level=warning msg="/home/jerrytsai/unikraft/plat/native/arch/x86_64/include/uk/plat/native/arch/ectx.h:99:44: error: attribute(target("general-regs-only")) is unknown"
level=warning msg="   99 | __isr void uk_plat_native_ectx_init(struct uk_plat_native_ectx *state);"
level=warning msg="      |                                            ^~~~~~~~~~~~~~~~~~~"
level=warning msg="/home/jerrytsai/unikraft/plat/native/arch/x86_64/include/uk/plat/native/arch/ectx.h:110:52: error: attribute(target("general-regs-only")) is unknown"
level=warning msg="  110 | __isr void uk_plat_native_ectx_assert_equal(struct uk_plat_native_ectx *state);"
level=warning msg="      |                                                    ^~~~~~~~~~~~~~~~~~~"
level=warning msg="In file included from /home/jerrytsai/unikraft/lib/uklcpu/include/uk/lcpu/ectx.h:11,"
level=warning msg="                 from /home/jerrytsai/unikraft/lib/uklcpu/include/uk/lcpu.h:19,"
level=warning msg="                 from /home/jerrytsai/unikraft/lib/ukdebug/include/uk/assert.h:39,"
level=warning msg="                 from /home/jerrytsai/unikraft/lib/ukalloc/include/uk/alloc.h:40,"
level=warning msg="                 from /home/jerrytsai/unikraft/include/uk/plat/memory.h:39,"
level=warning msg="                 from /home/jerrytsai/unikraft/plat/common/include/uk/plat/common/bootinfo.h:12,"
level=warning msg="                 from /home/jerrytsai/unikraft/lib/ukboot/include/uk/boot/earlytab.h:11,"
level=warning msg="                 from /home/jerrytsai/unikraft/plat/kvm/x86/qemu.c:8:"
level=warning msg="/home/jerrytsai/unikraft/plat/native/pal/include/uk/plat/pal/ectx.h:29:1: error: attribute(target("general-regs-only")) is unknown"
level=warning msg="   29 | {"
level=warning msg="      | ^"
level=warning msg="/home/jerrytsai/unikraft/plat/native/pal/include/uk/plat/pal/ectx.h:34:1: error: attribute(target("general-regs-only")) is unknown"
level=warning msg="   34 | {"
level=warning msg="      | ^"
level=warning msg="/home/jerrytsai/unikraft/plat/native/pal/include/uk/plat/pal/ectx.h:39:1: error: attribute(target("general-regs-only")) is unknown"
level=warning msg="   39 | {"
level=warning msg="      | ^"
level=warning msg="/home/jerrytsai/unikraft/plat/native/pal/include/uk/plat/pal/ectx.h:44:1: error: attribute(target("general-regs-only")) is unknown"
level=warning msg="   44 | {"
level=warning msg="      | ^"
level=warning msg="/home/jerrytsai/unikraft/plat/native/pal/include/uk/plat/pal/ectx.h:49:1: error: attribute(target("general-regs-only")) is unknown"
level=warning msg="   49 | {"
level=warning msg="      | ^"
level=warning msg="In file included from /home/jerrytsai/unikraft/lib/uklcpu/include/uk/lcpu/ectx.h:12,"
level=warning msg="                 from /home/jerrytsai/unikraft/lib/uklcpu/include/uk/lcpu.h:19,"
level=warning msg="                 from /home/jerrytsai/unikraft/lib/ukdebug/include/uk/assert.h:39,"
level=warning msg="                 from /home/jerrytsai/unikraft/lib/ukalloc/include/uk/alloc.h:40,"
level=warning msg="                 from /home/jerrytsai/unikraft/include/uk/plat/memory.h:39,"
level=warning msg="                 from /home/jerrytsai/unikraft/plat/common/include/uk/plat/common/bootinfo.h:12,"
level=warning msg="                 from /home/jerrytsai/unikraft/lib/ukboot/include/uk/boot/earlytab.h:11,"
level=warning msg="                 from /home/jerrytsai/unikraft/plat/kvm/x86/qemu.c:8:"
level=warning msg="/home/jerrytsai/unikraft/lib/ukpal/include/uk/pal/ectx.h:63:40: error: attribute(target("general-regs-only")) is unknown"
level=warning msg="   63 | __isr void uk_pal_ectx_sanitize(struct uk_pal_ectx *state);"
level=warning msg="      |                                        ^~~~~~~~~~~"
level=warning msg="/home/jerrytsai/unikraft/lib/ukpal/include/uk/pal/ectx.h:79:37: error: attribute(target("general-regs-only")) is unknown"
level=warning msg="   79 | __isr void uk_pal_ectx_store(struct uk_pal_ectx *state);"
level=warning msg="      |                                     ^~~~~~~~~~~"
level=warning msg="/home/jerrytsai/unikraft/lib/ukpal/include/uk/pal/ectx.h:87:36: error: attribute(target("general-regs-only")) is unknown"
level=warning msg="   87 | __isr void uk_pal_ectx_load(struct uk_pal_ectx *state);"
level=warning msg="      |                                    ^~~~~~~~~~~"
level=warning msg="/home/jerrytsai/unikraft/lib/ukpal/include/uk/pal/ectx.h:96:44: error: attribute(target("general-regs-only")) is unknown"
level=warning msg="   96 | __isr void uk_pal_ectx_assert_equal(struct uk_pal_ectx *state);"
level=warning msg="      |                                            ^~~~~~~~~~~"
level=warning msg="In file included from /home/jerrytsai/unikraft/lib/uklcpu/include/uk/lcpu.h:19,"
level=warning msg="                 from /home/jerrytsai/unikraft/lib/ukdebug/include/uk/assert.h:39,"
level=warning msg="                 from /home/jerrytsai/unikraft/lib/ukalloc/include/uk/alloc.h:40,"
level=warning msg="                 from /home/jerrytsai/unikraft/include/uk/plat/memory.h:39,"
level=warning msg="                 from /home/jerrytsai/unikraft/plat/common/include/uk/plat/common/bootinfo.h:12,"
level=warning msg="                 from /home/jerrytsai/unikraft/lib/ukboot/include/uk/boot/earlytab.h:11,"
level=warning msg="                 from /home/jerrytsai/unikraft/plat/kvm/x86/qemu.c:8:"
level=warning msg="/home/jerrytsai/unikraft/lib/uklcpu/include/uk/lcpu/ectx.h:34:1: error: attribute(target("general-regs-only")) is unknown"
level=warning msg="   34 | {"
level=warning msg="      | ^"
level=warning msg="/home/jerrytsai/unikraft/lib/uklcpu/include/uk/lcpu/ectx.h:39:1: error: attribute(target("general-regs-only")) is unknown"
level=warning msg="   39 | {"
level=warning msg="      | ^"
level=warning msg="/home/jerrytsai/unikraft/lib/uklcpu/include/uk/lcpu/ectx.h:44:1: error: attribute(target("general-regs-only")) is unknown"
level=warning msg="   44 | {"
level=warning msg="      | ^"
level=warning msg="/home/jerrytsai/unikraft/lib/uklcpu/include/uk/lcpu/ectx.h:49:1: error: attribute(target("general-regs-only")) is unknown"
level=warning msg="   49 | {"
level=warning msg="      | ^"
level=warning msg="/home/jerrytsai/unikraft/lib/uklcpu/include/uk/lcpu/ectx.h:54:1: error: attribute(target("general-regs-only")) is unknown"
level=warning msg="   54 | {"
level=warning msg="      | ^"
level=warning msg="In file included from /home/jerrytsai/unikraft/plat/native/arch/x86_64/include/uk/plat/native/arch/except.h:14,"
level=warning msg="                 from /home/jerrytsai/unikraft/plat/native/pal/include/uk/plat/pal/except.h:11,"
level=warning msg="                 from /home/jerrytsai/unikraft/lib/uklcpu/include/uk/lcpu/except.h:11,"
level=warning msg="                 from /home/jerrytsai/unikraft/lib/uklcpu/include/uk/lcpu.h:20,"
level=warning msg="                 from /home/jerrytsai/unikraft/lib/ukdebug/include/uk/assert.h:39,"
level=warning msg="                 from /home/jerrytsai/unikraft/lib/ukalloc/include/uk/alloc.h:40,"
level=warning msg="                 from /home/jerrytsai/unikraft/include/uk/plat/memory.h:39,"
level=warning msg="                 from /home/jerrytsai/unikraft/plat/common/include/uk/plat/common/bootinfo.h:12,"
level=warning msg="                 from /home/jerrytsai/unikraft/lib/ukboot/include/uk/boot/earlytab.h:11,"
level=warning msg="                 from /home/jerrytsai/unikraft/plat/kvm/x86/qemu.c:8:"
level=warning msg="/home/jerrytsai/unikraft/plat/native/arch/x86_64/include/uk/plat/native/arch/regs.h:187:1: error: attribute(target("general-regs-only")) is unknown"
level=warning msg="  187 | {"
level=warning msg="      | ^"
level=warning msg="/home/jerrytsai/unikraft/plat/native/arch/x86_64/include/uk/plat/native/arch/regs.h:203:1: error: attribute(target("general-regs-only")) is unknown"
level=warning msg="  203 | {"
level=warning msg="      | ^"
level=warning msg="In file included from /home/jerrytsai/unikraft/plat/native/pal/include/uk/plat/pal/except.h:11,"
level=warning msg="                 from /home/jerrytsai/unikraft/lib/uklcpu/include/uk/lcpu/except.h:11,"
level=warning msg="                 from /home/jerrytsai/unikraft/lib/uklcpu/include/uk/lcpu.h:20,"
level=warning msg="                 from /home/jerrytsai/unikraft/lib/ukdebug/include/uk/assert.h:39,"
level=warning msg="                 from /home/jerrytsai/unikraft/lib/ukalloc/include/uk/alloc.h:40,"
level=warning msg="                 from /home/jerrytsai/unikraft/include/uk/plat/memory.h:39,"
level=warning msg="                 from /home/jerrytsai/unikraft/plat/common/include/uk/plat/common/bootinfo.h:12,"
level=warning msg="                 from /home/jerrytsai/unikraft/lib/ukboot/include/uk/boot/earlytab.h:11,"
level=warning msg="                 from /home/jerrytsai/unikraft/plat/kvm/x86/qemu.c:8:"
level=warning msg="/home/jerrytsai/unikraft/plat/native/arch/x86_64/include/uk/plat/native/arch/except.h:68:1: error: attribute(target("general-regs-only")) is unknown"
level=warning msg="   68 | {"
level=warning msg="      | ^"
level=warning msg="/home/jerrytsai/unikraft/plat/native/arch/x86_64/include/uk/plat/native/arch/except.h:76:1: error: attribute(target("general-regs-only")) is unknown"
level=warning msg="   76 | {"
level=warning msg="      | ^"
level=warning msg="/home/jerrytsai/unikraft/plat/native/arch/x86_64/include/uk/plat/native/arch/except.h:83:1: error: attribute(target("general-regs-only")) is unknown"
level=warning msg="   83 | {"
level=warning msg="      | ^"
level=warning msg="/home/jerrytsai/unikraft/plat/native/arch/x86_64/include/uk/plat/native/arch/except.h:91:1: error: attribute(target("general-regs-only")) is unknown"
level=warning msg="   91 | {"
level=warning msg="      | ^"
level=warning msg="/home/jerrytsai/unikraft/plat/native/arch/x86_64/include/uk/plat/native/arch/except.h:98:1: error: attribute(target("general-regs-only")) is unknown"
level=warning msg="   98 | {"
level=warning msg="      | ^"
level=warning msg="/home/jerrytsai/unikraft/plat/native/arch/x86_64/include/uk/plat/native/arch/except.h:106:1: error: attribute(target("general-regs-only")) is unknown"
level=warning msg="  106 | {"
level=warning msg="      | ^"
level=warning msg="/home/jerrytsai/unikraft/plat/native/arch/x86_64/include/uk/plat/native/arch/except.h:113:1: error: attribute(target("general-regs-only")) is unknown"
level=warning msg="  113 | {"
level=warning msg="      | ^"
level=warning msg="/home/jerrytsai/unikraft/plat/native/arch/x86_64/include/uk/plat/native/arch/except.h:121:1: error: attribute(target("general-regs-only")) is unknown"
level=warning msg="  121 | {"
level=warning msg="      | ^"
level=warning msg="/home/jerrytsai/unikraft/plat/native/arch/x86_64/include/uk/plat/native/arch/except.h:128:1: error: attribute(target("general-regs-only")) is unknown"
level=warning msg="  128 | {"
level=warning msg="      | ^"
level=warning msg="/home/jerrytsai/unikraft/plat/native/arch/x86_64/include/uk/plat/native/arch/except.h:136:1: error: attribute(target("general-regs-only")) is unknown"
level=warning msg="  136 | {"
level=warning msg="      | ^"
level=warning msg="/home/jerrytsai/unikraft/plat/native/arch/x86_64/include/uk/plat/native/arch/except.h:143:1: error: attribute(target("general-regs-only")) is unknown"
level=warning msg="  143 | {"
level=warning msg="      | ^"
level=warning msg="/home/jerrytsai/unikraft/plat/native/arch/x86_64/include/uk/plat/native/arch/except.h:151:1: error: attribute(target("general-regs-only")) is unknown"
level=warning msg="  151 | {"
level=warning msg="      | ^"
level=warning msg="/home/jerrytsai/unikraft/plat/native/arch/x86_64/include/uk/plat/native/arch/except.h:170:1: error: attribute(target("general-regs-only")) is unknown"
level=warning msg="  170 | {"
level=warning msg="      | ^"
level=warning msg="/home/jerrytsai/unikraft/plat/native/arch/x86_64/include/uk/plat/native/arch/except.h:178:1: error: attribute(target("general-regs-only")) is unknown"
level=warning msg="  178 | {"
level=warning msg="      | ^"
level=warning msg="/home/jerrytsai/unikraft/plat/native/arch/x86_64/include/uk/plat/native/arch/except.h:185:1: error: attribute(target("general-regs-only")) is unknown"
level=warning msg="  185 | {"
level=warning msg="      | ^"
level=warning msg="/home/jerrytsai/unikraft/plat/native/arch/x86_64/include/uk/plat/native/arch/except.h:193:1: error: attribute(target("general-regs-only")) is unknown"
level=warning msg="  193 | {"
level=warning msg="      | ^"
level=warning msg="/home/jerrytsai/unikraft/plat/native/arch/x86_64/include/uk/plat/native/arch/except.h:203:1: error: attribute(target("general-regs-only")) is unknown"
level=warning msg="  203 | __isr int uk_plat_native_except_init(void);"
level=warning msg="      | ^~~~~"
level=warning msg="/home/jerrytsai/unikraft/plat/native/arch/x86_64/include/uk/plat/native/arch/except.h:210:1: error: attribute(target("general-regs-only")) is unknown"
level=warning msg="  210 | {"
level=warning msg="      | ^"
level=warning msg="/home/jerrytsai/unikraft/plat/native/arch/x86_64/include/uk/plat/native/arch/except.h:220:1: error: attribute(target("general-regs-only")) is unknown"
level=warning msg="  220 | {"
level=warning msg="      | ^"
level=warning msg="/home/jerrytsai/unikraft/plat/native/arch/x86_64/include/uk/plat/native/arch/except.h:232:1: error: attribute(target("general-regs-only")) is unknown"
level=warning msg="  232 | {"
level=warning msg="      | ^"
level=warning msg="/home/jerrytsai/unikraft/plat/native/arch/x86_64/include/uk/plat/native/arch/except.h:248:1: error: attribute(target("general-regs-only")) is unknown"
level=warning msg="  248 | {"
level=warning msg="      | ^"
level=warning msg="/home/jerrytsai/unikraft/plat/native/arch/x86_64/include/uk/plat/native/arch/except.h:261:1: error: attribute(target("general-regs-only")) is unknown"
level=warning msg="  261 | {"
level=warning msg="      | ^"
level=warning msg="/home/jerrytsai/unikraft/plat/native/arch/x86_64/include/uk/plat/native/arch/except.h:277:1: error: attribute(target("general-regs-only")) is unknown"
level=warning msg="  277 | __isr __uptr uk_plat_native_except_get_except_stack_base(void);"
level=warning msg="      | ^~~~~"
level=warning msg="/home/jerrytsai/unikraft/plat/native/arch/x86_64/include/uk/plat/native/arch/except.h:284:1: error: attribute(target("general-regs-only")) is unknown"
level=warning msg="  284 | __isr void uk_plat_native_except_push_nested(void);"
level=warning msg="      | ^~~~~"
level=warning msg="/home/jerrytsai/unikraft/plat/native/arch/x86_64/include/uk/plat/native/arch/except.h:291:1: error: attribute(target("general-regs-only")) is unknown"
level=warning msg="  291 | __isr void uk_plat_native_except_pop_nested(void);"
level=warning msg="      | ^~~~~"
level=warning msg="In file included from /home/jerrytsai/unikraft/plat/native/pal/include/uk/plat/pal/except.h:12,"
level=warning msg="                 from /home/jerrytsai/unikraft/lib/uklcpu/include/uk/lcpu/except.h:11,"
level=warning msg="                 from /home/jerrytsai/unikraft/lib/uklcpu/include/uk/lcpu.h:20,"
level=warning msg="                 from /home/jerrytsai/unikraft/lib/ukdebug/include/uk/assert.h:39,"
level=warning msg="                 from /home/jerrytsai/unikraft/lib/ukalloc/include/uk/alloc.h:40,"
level=warning msg="                 from /home/jerrytsai/unikraft/include/uk/plat/memory.h:39,"
level=warning msg="                 from /home/jerrytsai/unikraft/plat/common/include/uk/plat/common/bootinfo.h:12,"
level=warning msg="                 from /home/jerrytsai/unikraft/lib/ukboot/include/uk/boot/earlytab.h:11,"
level=warning msg="                 from /home/jerrytsai/unikraft/plat/kvm/x86/qemu.c:8:"
level=warning msg="/home/jerrytsai/unikraft/plat/native/pal/arch/x86_64/include/uk/plat/pal/arch/except.h:25:1: error: attribute(target("general-regs-only")) is unknown"
level=warning msg="   25 | {"
level=warning msg="      | ^"
level=warning msg="/home/jerrytsai/unikraft/plat/native/pal/arch/x86_64/include/uk/plat/pal/arch/except.h:33:1: error: attribute(target("general-regs-only")) is unknown"
level=warning msg="   33 | {"
level=warning msg="      | ^"
level=warning msg="/home/jerrytsai/unikraft/plat/native/pal/arch/x86_64/include/uk/plat/pal/arch/except.h:41:1: error: attribute(target("general-regs-only")) is unknown"
level=warning msg="   41 | {"
level=warning msg="      | ^"
level=warning msg="/home/jerrytsai/unikraft/plat/native/pal/arch/x86_64/include/uk/plat/pal/arch/except.h:49:1: error: attribute(target("general-regs-only")) is unknown"
level=warning msg="   49 | {"
level=warning msg="      | ^"
level=warning msg="In file included from /home/jerrytsai/unikraft/lib/uklcpu/include/uk/lcpu/except.h:11,"
level=warning msg="                 from /home/jerrytsai/unikraft/lib/uklcpu/include/uk/lcpu.h:20,"
level=warning msg="                 from /home/jerrytsai/unikraft/lib/ukdebug/include/uk/assert.h:39,"
level=warning msg="                 from /home/jerrytsai/unikraft/lib/ukalloc/include/uk/alloc.h:40,"
level=warning msg="                 from /home/jerrytsai/unikraft/include/uk/plat/memory.h:39,"
level=warning msg="                 from /home/jerrytsai/unikraft/plat/common/include/uk/plat/common/bootinfo.h:12,"
level=warning msg="                 from /home/jerrytsai/unikraft/lib/ukboot/include/uk/boot/earlytab.h:11,"
level=warning msg="                 from /home/jerrytsai/unikraft/plat/kvm/x86/qemu.c:8:"
level=warning msg="/home/jerrytsai/unikraft/plat/native/pal/include/uk/plat/pal/except.h:42:1: error: attribute(target("general-regs-only")) is unknown"
level=warning msg="   42 | {"
level=warning msg="      | ^"
level=warning msg="/home/jerrytsai/unikraft/plat/native/pal/include/uk/plat/pal/except.h:50:1: error: attribute(target("general-regs-only")) is unknown"
level=warning msg="   50 | {"
level=warning msg="      | ^"
level=warning msg="/home/jerrytsai/unikraft/plat/native/pal/include/uk/plat/pal/except.h:57:1: error: attribute(target("general-regs-only")) is unknown"
level=warning msg="   57 | {"
level=warning msg="      | ^"
level=warning msg="/home/jerrytsai/unikraft/plat/native/pal/include/uk/plat/pal/except.h:65:1: error: attribute(target("general-regs-only")) is unknown"
level=warning msg="   65 | {"
level=warning msg="      | ^"
level=warning msg="/home/jerrytsai/unikraft/plat/native/pal/include/uk/plat/pal/except.h:72:1: error: attribute(target("general-regs-only")) is unknown"
level=warning msg="   72 | {"
level=warning msg="      | ^"
level=warning msg="/home/jerrytsai/unikraft/plat/native/pal/include/uk/plat/pal/except.h:80:1: error: attribute(target("general-regs-only")) is unknown"
level=warning msg="   80 | {"
level=warning msg="      | ^"
level=warning msg="/home/jerrytsai/unikraft/plat/native/pal/include/uk/plat/pal/except.h:88:1: error: attribute(target("general-regs-only")) is unknown"
level=warning msg="   88 | {"
level=warning msg="      | ^"
level=warning msg="/home/jerrytsai/unikraft/plat/native/pal/include/uk/plat/pal/except.h:96:1: error: attribute(target("general-regs-only")) is unknown"
level=warning msg="   96 | {"
level=warning msg="      | ^"
level=warning msg="/home/jerrytsai/unikraft/plat/native/pal/include/uk/plat/pal/except.h:105:1: error: attribute(target("general-regs-only")) is unknown"
level=warning msg="  105 | {"
level=warning msg="      | ^"
level=warning msg="/home/jerrytsai/unikraft/plat/native/pal/include/uk/plat/pal/except.h:113:1: error: attribute(target("general-regs-only")) is unknown"
level=warning msg="  113 | {"
level=warning msg="      | ^"
level=warning msg="/home/jerrytsai/unikraft/plat/native/pal/include/uk/plat/pal/except.h:121:1: error: attribute(target("general-regs-only")) is unknown"
level=warning msg="  121 | {"
level=warning msg="      | ^"
level=warning msg="/home/jerrytsai/unikraft/plat/native/pal/include/uk/plat/pal/except.h:129:1: error: attribute(target("general-regs-only")) is unknown"
level=warning msg="  129 | {"
level=warning msg="      | ^"
level=warning msg="/home/jerrytsai/unikraft/plat/native/pal/include/uk/plat/pal/except.h:135:1: error: attribute(target("general-regs-only")) is unknown"
level=warning msg="  135 | {"
level=warning msg="      | ^"
level=warning msg="/home/jerrytsai/unikraft/plat/native/pal/include/uk/plat/pal/except.h:140:1: error: attribute(target("general-regs-only")) is unknown"
level=warning msg="  140 | {"
level=warning msg="      | ^"
level=warning msg="/home/jerrytsai/unikraft/plat/native/pal/include/uk/plat/pal/except.h:145:1: error: attribute(target("general-regs-only")) is unknown"
level=warning msg="  145 | {"
level=warning msg="      | ^"
level=warning msg="/home/jerrytsai/unikraft/plat/native/pal/include/uk/plat/pal/except.h:150:1: error: attribute(target("general-regs-only")) is unknown"
level=warning msg="  150 | {"
level=warning msg="      | ^"
level=warning msg="/home/jerrytsai/unikraft/plat/native/pal/include/uk/plat/pal/except.h:155:1: error: attribute(target("general-regs-only")) is unknown"
level=warning msg="  155 | {"
level=warning msg="      | ^"
level=warning msg="/home/jerrytsai/unikraft/plat/native/pal/include/uk/plat/pal/except.h:165:1: error: attribute(target("general-regs-only")) is unknown"
level=warning msg="  165 | {"
level=warning msg="      | ^"
level=warning msg="/home/jerrytsai/unikraft/plat/native/pal/include/uk/plat/pal/except.h:170:1: error: attribute(target("general-regs-only")) is unknown"
level=warning msg="  170 | {"
level=warning msg="      | ^"
level=warning msg="/home/jerrytsai/unikraft/plat/native/pal/include/uk/plat/pal/except.h:175:1: error: attribute(target("general-regs-only")) is unknown"
level=warning msg="  175 | {"
level=warning msg="      | ^"
level=warning msg="/home/jerrytsai/unikraft/plat/native/pal/include/uk/plat/pal/except.h:180:1: error: attribute(target("general-regs-only")) is unknown"
level=warning msg="  180 | {"
level=warning msg="      | ^"
level=warning msg="In file included from /home/jerrytsai/unikraft/lib/ukpal/include/uk/pal/except.h:19,"
level=warning msg="                 from /home/jerrytsai/unikraft/lib/uklcpu/include/uk/lcpu/except.h:12,"
level=warning msg="                 from /home/jerrytsai/unikraft/lib/uklcpu/include/uk/lcpu.h:20,"
level=warning msg="                 from /home/jerrytsai/unikraft/lib/ukdebug/include/uk/assert.h:39,"
level=warning msg="                 from /home/jerrytsai/unikraft/lib/ukalloc/include/uk/alloc.h:40,"
level=warning msg="                 from /home/jerrytsai/unikraft/include/uk/plat/memory.h:39,"
level=warning msg="                 from /home/jerrytsai/unikraft/plat/common/include/uk/plat/common/bootinfo.h:12,"
level=warning msg="                 from /home/jerrytsai/unikraft/lib/ukboot/include/uk/boot/earlytab.h:11,"
level=warning msg="                 from /home/jerrytsai/unikraft/plat/kvm/x86/qemu.c:8:"
level=warning msg="/home/jerrytsai/unikraft/lib/ukpal/arch/x86_64/include/uk/pal/arch/except.h:25:15: error: attribute(target("general-regs-only")) is unknown"
level=warning msg="   25 |  const struct uk_pal_except_err_ctx *ctx);"
level=warning msg="      |               ^~~~~~~~~~~~~~~~~~~~~"
level=warning msg="/home/jerrytsai/unikraft/lib/ukpal/arch/x86_64/include/uk/pal/arch/except.h:29:2: error: attribute(target("general-regs-only")) is unknown"
level=warning msg="   29 |  __u32 trapnr);"
level=warning msg="      |  ^~~~~"
level=warning msg="/home/jerrytsai/unikraft/lib/ukpal/arch/x86_64/include/uk/pal/arch/except.h:32:15: error: attribute(target("general-regs-only")) is unknown"
level=warning msg="   32 |  const struct uk_pal_except_err_ctx *ctx);"
level=warning msg="      |               ^~~~~~~~~~~~~~~~~~~~~"
level=warning msg="/home/jerrytsai/unikraft/lib/ukpal/arch/x86_64/include/uk/pal/arch/except.h:36:2: error: attribute(target("general-regs-only")) is unknown"
level=warning msg="   36 |  __u64 error_code);"
level=warning msg="      |  ^~~~~"
level=warning msg="In file included from /home/jerrytsai/unikraft/lib/uklcpu/include/uk/lcpu/except.h:12,"
level=warning msg="                 from /home/jerrytsai/unikraft/lib/uklcpu/include/uk/lcpu.h:20,"
level=warning msg="                 from /home/jerrytsai/unikraft/lib/ukdebug/include/uk/assert.h:39,"
level=warning msg="                 from /home/jerrytsai/unikraft/lib/ukalloc/include/uk/alloc.h:40,"
level=warning msg="                 from /home/jerrytsai/unikraft/include/uk/plat/memory.h:39,"
level=warning msg="                 from /home/jerrytsai/unikraft/plat/common/include/uk/plat/common/bootinfo.h:12,"
level=warning msg="                 from /home/jerrytsai/unikraft/lib/ukboot/include/uk/boot/earlytab.h:11,"
level=warning msg="                 from /home/jerrytsai/unikraft/plat/kvm/x86/qemu.c:8:"
level=warning msg="/home/jerrytsai/unikraft/lib/ukpal/include/uk/pal/except.h:77:15: error: attribute(target("general-regs-only")) is unknown"
level=warning msg="   77 |  const struct uk_pal_except_err_ctx *ctx);"
level=warning msg="      |               ^~~~~~~~~~~~~~~~~~~~~"
level=warning msg="/home/jerrytsai/unikraft/lib/ukpal/include/uk/pal/except.h:81:2: error: attribute(target("general-regs-only")) is unknown"
level=warning msg="   81 |  const char *str);"
level=warning msg="      |  ^~~~~"
level=warning msg="/home/jerrytsai/unikraft/lib/ukpal/include/uk/pal/except.h:84:15: error: attribute(target("general-regs-only")) is unknown"
level=warning msg="   84 |  const struct uk_pal_except_err_ctx *ctx);"
level=warning msg="      |               ^~~~~~~~~~~~~~~~~~~~~"
level=warning msg="/home/jerrytsai/unikraft/lib/ukpal/include/uk/pal/except.h:88:2: error: attribute(target("general-regs-only")) is unknown"
level=warning msg="   88 |  int handler_err);"
level=warning msg="      |  ^~~"
level=warning msg="/home/jerrytsai/unikraft/lib/ukpal/include/uk/pal/except.h:91:15: error: attribute(target("general-regs-only")) is unknown"
level=warning msg="   91 |  const struct uk_pal_except_err_ctx *ctx);"
level=warning msg="      |               ^~~~~~~~~~~~~~~~~~~~~"
level=warning msg="/home/jerrytsai/unikraft/lib/ukpal/include/uk/pal/except.h:95:9: error: attribute(target("general-regs-only")) is unknown"
level=warning msg="   95 |  struct uk_pal_regs *regs);"
level=warning msg="      |         ^~~~~~~~~~~"
level=warning msg="/home/jerrytsai/unikraft/lib/ukpal/include/uk/pal/except.h:98:15: error: attribute(target("general-regs-only")) is unknown"
level=warning msg="   98 |  const struct uk_pal_except_err_ctx *ctx);"
level=warning msg="      |               ^~~~~~~~~~~~~~~~~~~~~"
level=warning msg="/home/jerrytsai/unikraft/lib/ukpal/include/uk/pal/except.h:102:2: error: attribute(target("general-regs-only")) is unknown"
level=warning msg="  102 |  __u64 fault_addr);"
level=warning msg="      |  ^~~~~"
level=warning msg="/home/jerrytsai/unikraft/lib/ukpal/include/uk/pal/except.h:114:15: error: attribute(target("general-regs-only")) is unknown"
level=warning msg="  114 |  const struct uk_pal_except_irq_ctx *ctx);"
level=warning msg="      |               ^~~~~~~~~~~~~~~~~~~~~"
level=warning msg="/home/jerrytsai/unikraft/lib/ukpal/include/uk/pal/except.h:118:9: error: attribute(target("general-regs-only")) is unknown"
level=warning msg="  118 |  struct uk_pal_regs *regs);"
level=warning msg="      |         ^~~~~~~~~~~"
level=warning msg="/home/jerrytsai/unikraft/lib/ukpal/include/uk/pal/except.h:121:15: error: attribute(target("general-regs-only")) is unknown"
level=warning msg="  121 |  const struct uk_pal_except_irq_ctx *ctx);"
level=warning msg="      |               ^~~~~~~~~~~~~~~~~~~~~"
level=warning msg="/home/jerrytsai/unikraft/lib/ukpal/include/uk/pal/except.h:125:2: error: attribute(target("general-regs-only")) is unknown"
level=warning msg="  125 |  __u32 irq);"
level=warning msg="      |  ^~~~~"
level=warning msg="/home/jerrytsai/unikraft/lib/ukpal/include/uk/pal/except.h:133:1: error: attribute(target("general-regs-only")) is unknown"
level=warning msg="  133 | __isr void uk_pal_except_push_nested(void);"
level=warning msg="      | ^~~~~"
level=warning msg="/home/jerrytsai/unikraft/lib/ukpal/include/uk/pal/except.h:139:1: error: attribute(target("general-regs-only")) is unknown"
level=warning msg="  139 | __isr void uk_pal_except_pop_nested(void);"
level=warning msg="      | ^~~~~"
level=warning msg="/home/jerrytsai/unikraft/lib/ukpal/include/uk/pal/except.h:147:1: error: attribute(target("general-regs-only")) is unknown"
level=warning msg="  147 | __isr void uk_pal_disable_irq(void);"
level=warning msg="      | ^~~~~"
level=warning msg="/home/jerrytsai/unikraft/lib/ukpal/include/uk/pal/except.h:153:1: error: attribute(target("general-regs-only")) is unknown"
level=warning msg="  153 | __isr void uk_pal_enable_irq(void);"
level=warning msg="      | ^~~~~"
level=warning msg="/home/jerrytsai/unikraft/lib/ukpal/include/uk/pal/except.h:160:1: error: attribute(target("general-regs-only")) is unknown"
level=warning msg="  160 | __isr int uk_pal_irqs_disabled(void);"
level=warning msg="      | ^~~~~"
level=warning msg="/home/jerrytsai/unikraft/lib/ukpal/include/uk/pal/except.h:166:1: error: attribute(target("general-regs-only")) is unknown"
level=warning msg="  166 | __isr void uk_pal_irqs_handle_pending(void);"
level=warning msg="      | ^~~~~"
level=warning msg="/home/jerrytsai/unikraft/lib/ukpal/include/uk/pal/except.h:174:1: error: attribute(target("general-regs-only")) is unknown"
level=warning msg="  174 | __isr void uk_pal_restore_irqf(unsigned long flags);"
level=warning msg="      | ^~~~~"
level=warning msg="/home/jerrytsai/unikraft/lib/ukpal/include/uk/pal/except.h:182:1: error: attribute(target("general-regs-only")) is unknown"
level=warning msg="  182 | __isr unsigned long uk_pal_save_irqf(void);"
level=warning msg="      | ^~~~~"
level=warning msg="/home/jerrytsai/unikraft/lib/ukpal/include/uk/pal/except.h:189:1: error: attribute(target("general-regs-only")) is unknown"
level=warning msg="  189 | __isr __uptr uk_pal_except_get_except_stack_base(void);"
level=warning msg="      | ^~~~~"
level=warning msg="/home/jerrytsai/unikraft/lib/ukpal/include/uk/pal/except.h:196:1: error: attribute(target("general-regs-only")) is unknown"
level=warning msg="  196 | __isr int uk_pal_except_init(void);"
level=warning msg="      | ^~~~~"
level=warning msg="In file included from /home/jerrytsai/unikraft/lib/uklcpu/include/uk/lcpu/except.h:13,"
level=warning msg="                 from /home/jerrytsai/unikraft/lib/uklcpu/include/uk/lcpu.h:20,"
level=warning msg="                 from /home/jerrytsai/unikraft/lib/ukdebug/include/uk/assert.h:39,"
level=warning msg="                 from /home/jerrytsai/unikraft/lib/ukalloc/include/uk/alloc.h:40,"
level=warning msg="                 from /home/jerrytsai/unikraft/include/uk/plat/memory.h:39,"
level=warning msg="                 from /home/jerrytsai/unikraft/plat/common/include/uk/plat/common/bootinfo.h:12,"
level=warning msg="                 from /home/jerrytsai/unikraft/lib/ukboot/include/uk/boot/earlytab.h:11,"
level=warning msg="                 from /home/jerrytsai/unikraft/plat/kvm/x86/qemu.c:8:"
level=warning msg="/home/jerrytsai/unikraft/lib/uklcpu/arch/x86_64/include/uk/lcpu/arch/except.h:26:1: error: attribute(target("general-regs-only")) is unknown"
level=warning msg="   26 | {"
level=warning msg="      | ^"
level=warning msg="/home/jerrytsai/unikraft/lib/uklcpu/arch/x86_64/include/uk/lcpu/arch/except.h:34:1: error: attribute(target("general-regs-only")) is unknown"
level=warning msg="   34 | {"
level=warning msg="      | ^"
level=warning msg="/home/jerrytsai/unikraft/lib/uklcpu/arch/x86_64/include/uk/lcpu/arch/except.h:42:1: error: attribute(target("general-regs-only")) is unknown"
level=warning msg="   42 | {"
level=warning msg="      | ^"
level=warning msg="/home/jerrytsai/unikraft/lib/uklcpu/arch/x86_64/include/uk/lcpu/arch/except.h:50:1: error: attribute(target("general-regs-only")) is unknown"
level=warning msg="   50 | {"
level=warning msg="      | ^"
level=warning msg="In file included from /home/jerrytsai/unikraft/lib/uklcpu/include/uk/lcpu.h:20,"
level=warning msg="                 from /home/jerrytsai/unikraft/lib/ukdebug/include/uk/assert.h:39,"
level=warning msg="                 from /home/jerrytsai/unikraft/lib/ukalloc/include/uk/alloc.h:40,"
level=warning msg="                 from /home/jerrytsai/unikraft/include/uk/plat/memory.h:39,"
level=warning msg="                 from /home/jerrytsai/unikraft/plat/common/include/uk/plat/common/bootinfo.h:12,"
level=warning msg="                 from /home/jerrytsai/unikraft/lib/ukboot/include/uk/boot/earlytab.h:11,"
level=warning msg="                 from /home/jerrytsai/unikraft/plat/kvm/x86/qemu.c:8:"
level=warning msg="/home/jerrytsai/unikraft/lib/uklcpu/include/uk/lcpu/except.h:43:1: error: attribute(target("general-regs-only")) is unknown"
level=warning msg="   43 | {"
level=warning msg="      | ^"
level=warning msg="/home/jerrytsai/unikraft/lib/uklcpu/include/uk/lcpu/except.h:51:1: error: attribute(target("general-regs-only")) is unknown"
level=warning msg="   51 | {"
level=warning msg="      | ^"
level=warning msg="/home/jerrytsai/unikraft/lib/uklcpu/include/uk/lcpu/except.h:58:1: error: attribute(target("general-regs-only")) is unknown"
level=warning msg="   58 | {"
level=warning msg="      | ^"
level=warning msg="/home/jerrytsai/unikraft/lib/uklcpu/include/uk/lcpu/except.h:66:1: error: attribute(target("general-regs-only")) is unknown"
level=warning msg="   66 | {"
level=warning msg="      | ^"
level=warning msg="/home/jerrytsai/unikraft/lib/uklcpu/include/uk/lcpu/except.h:73:1: error: attribute(target("general-regs-only")) is unknown"
level=warning msg="   73 | {"
level=warning msg="      | ^"
level=warning msg="/home/jerrytsai/unikraft/lib/uklcpu/include/uk/lcpu/except.h:81:1: error: attribute(target("general-regs-only")) is unknown"
level=warning msg="   81 | {"
level=warning msg="      | ^"
level=warning msg="/home/jerrytsai/unikraft/lib/uklcpu/include/uk/lcpu/except.h:88:1: error: attribute(target("general-regs-only")) is unknown"
level=warning msg="   88 | {"
level=warning msg="      | ^"
level=warning msg="/home/jerrytsai/unikraft/lib/uklcpu/include/uk/lcpu/except.h:96:1: error: attribute(target("general-regs-only")) is unknown"
level=warning msg="   96 | {"
level=warning msg="      | ^"
level=warning msg="/home/jerrytsai/unikraft/lib/uklcpu/include/uk/lcpu/except.h:106:1: error: attribute(target("general-regs-only")) is unknown"
level=warning msg="  106 | {"
level=warning msg="      | ^"
level=warning msg="/home/jerrytsai/unikraft/lib/uklcpu/include/uk/lcpu/except.h:114:1: error: attribute(target("general-regs-only")) is unknown"
level=warning msg="  114 | {"
level=warning msg="      | ^"
level=warning msg="/home/jerrytsai/unikraft/lib/uklcpu/include/uk/lcpu/except.h:122:1: error: attribute(target("general-regs-only")) is unknown"
level=warning msg="  122 | {"
level=warning msg="      | ^"
level=warning msg="/home/jerrytsai/unikraft/lib/uklcpu/include/uk/lcpu/except.h:130:1: error: attribute(target("general-regs-only")) is unknown"
level=warning msg="  130 | {"
level=warning msg="      | ^"
level=warning msg="/home/jerrytsai/unikraft/lib/uklcpu/include/uk/lcpu/except.h:135:1: error: attribute(target("general-regs-only")) is unknown"
level=warning msg="  135 | {"
level=warning msg="      | ^"
level=warning msg="/home/jerrytsai/unikraft/lib/uklcpu/include/uk/lcpu/except.h:140:1: error: attribute(target("general-regs-only")) is unknown"
level=warning msg="  140 | {"
level=warning msg="      | ^"
level=warning msg="/home/jerrytsai/unikraft/lib/uklcpu/include/uk/lcpu/except.h:145:1: error: attribute(target("general-regs-only")) is unknown"
level=warning msg="  145 | {"
level=warning msg="      | ^"
level=warning msg="/home/jerrytsai/unikraft/lib/uklcpu/include/uk/lcpu/except.h:150:1: error: attribute(target("general-regs-only")) is unknown"
level=warning msg="  150 | {"
level=warning msg="      | ^"
level=warning msg="/home/jerrytsai/unikraft/lib/uklcpu/include/uk/lcpu/except.h:155:1: error: attribute(target("general-regs-only")) is unknown"
level=warning msg="  155 | {"
level=warning msg="      | ^"
level=warning msg="/home/jerrytsai/unikraft/lib/uklcpu/include/uk/lcpu/except.h:165:1: error: attribute(target("general-regs-only")) is unknown"
level=warning msg="  165 | {"
level=warning msg="      | ^"
level=warning msg="/home/jerrytsai/unikraft/lib/uklcpu/include/uk/lcpu/except.h:170:1: error: attribute(target("general-regs-only")) is unknown"
level=warning msg="  170 | {"
level=warning msg="      | ^"
level=warning msg="In file included from /home/jerrytsai/unikraft/lib/uklcpu/include/uk/lcpu/regs.h:11,"
level=warning msg="                 from /home/jerrytsai/unikraft/lib/uklcpu/include/uk/lcpu.h:22,"
level=warning msg="                 from /home/jerrytsai/unikraft/lib/ukdebug/include/uk/assert.h:39,"
level=warning msg="                 from /home/jerrytsai/unikraft/lib/ukalloc/include/uk/alloc.h:40,"
level=warning msg="                 from /home/jerrytsai/unikraft/include/uk/plat/memory.h:39,"
level=warning msg="                 from /home/jerrytsai/unikraft/plat/common/include/uk/plat/common/bootinfo.h:12,"
level=warning msg="                 from /home/jerrytsai/unikraft/lib/ukboot/include/uk/boot/earlytab.h:11,"
level=warning msg="                 from /home/jerrytsai/unikraft/plat/kvm/x86/qemu.c:8:"
level=warning msg="/home/jerrytsai/unikraft/plat/native/pal/include/uk/plat/pal/regs.h:30:1: error: attribute(target("general-regs-only")) is unknown"
level=warning msg="   30 | {"
level=warning msg="      | ^"
level=warning msg="/home/jerrytsai/unikraft/plat/native/pal/include/uk/plat/pal/regs.h:37:1: error: attribute(target("general-regs-only")) is unknown"
level=warning msg="   37 | {"
level=warning msg="      | ^"
level=warning msg="In file included from /home/jerrytsai/unikraft/lib/uklcpu/include/uk/lcpu/regs.h:12,"
level=warning msg="                 from /home/jerrytsai/unikraft/lib/uklcpu/include/uk/lcpu.h:22,"
level=warning msg="                 from /home/jerrytsai/unikraft/lib/ukdebug/include/uk/assert.h:39,"
level=warning msg="                 from /home/jerrytsai/unikraft/lib/ukalloc/include/uk/alloc.h:40,"
level=warning msg="                 from /home/jerrytsai/unikraft/include/uk/plat/memory.h:39,"
level=warning msg="                 from /home/jerrytsai/unikraft/plat/common/include/uk/plat/common/bootinfo.h:12,"
level=warning msg="                 from /home/jerrytsai/unikraft/lib/ukboot/include/uk/boot/earlytab.h:11,"
level=warning msg="                 from /home/jerrytsai/unikraft/plat/kvm/x86/qemu.c:8:"
level=warning msg="/home/jerrytsai/unikraft/lib/ukpal/include/uk/pal/regs.h:63:42: error: attribute(target("general-regs-only")) is unknown"
level=warning msg="   63 | __isr __u64 uk_pal_regs_get(const struct uk_pal_regs *regs, __sz offset);"
level=warning msg="      |                                          ^~~~~~~~~~~"
level=warning msg="/home/jerrytsai/unikraft/lib/ukpal/include/uk/pal/regs.h:72:35: error: attribute(target("general-regs-only")) is unknown"
level=warning msg="   72 | __isr void uk_pal_regs_set(struct uk_pal_regs *regs, __sz offset, __u64 val);"
level=warning msg="      |                                   ^~~~~~~~~~~"
level=warning msg="In file included from /home/jerrytsai/unikraft/plat/native/pal/include/uk/plat/pal/sysctx.h:11,"
level=warning msg="                 from /home/jerrytsai/unikraft/lib/uklcpu/include/uk/lcpu/sysctx.h:11,"
level=warning msg="                 from /home/jerrytsai/unikraft/lib/uklcpu/include/uk/lcpu.h:24,"
level=warning msg="                 from /home/jerrytsai/unikraft/lib/ukdebug/include/uk/assert.h:39,"
level=warning msg="                 from /home/jerrytsai/unikraft/lib/ukalloc/include/uk/alloc.h:40,"
level=warning msg="                 from /home/jerrytsai/unikraft/include/uk/plat/memory.h:39,"
level=warning msg="                 from /home/jerrytsai/unikraft/plat/common/include/uk/plat/common/bootinfo.h:12,"
level=warning msg="                 from /home/jerrytsai/unikraft/lib/ukboot/include/uk/boot/earlytab.h:11,"
level=warning msg="                 from /home/jerrytsai/unikraft/plat/kvm/x86/qemu.c:8:"
level=warning msg="/home/jerrytsai/unikraft/plat/native/arch/x86_64/include/uk/plat/native/arch/sysctx.h:91:1: error: attribute(target("general-regs-only")) is unknown"
level=warning msg="   91 | {"
level=warning msg="      | ^"
level=warning msg="/home/jerrytsai/unikraft/plat/native/arch/x86_64/include/uk/plat/native/arch/sysctx.h:106:1: error: attribute(target("general-regs-only")) is unknown"
level=warning msg="  106 | {"
level=warning msg="      | ^"
level=warning msg="/home/jerrytsai/unikraft/plat/native/arch/x86_64/include/uk/plat/native/arch/sysctx.h:129:1: error: attribute(target("general-regs-only")) is unknown"
level=warning msg="  129 | {"
level=warning msg="      | ^"
level=warning msg="/home/jerrytsai/unikraft/plat/native/arch/x86_64/include/uk/plat/native/arch/sysctx.h:140:1: error: attribute(target("general-regs-only")) is unknown"
level=warning msg="  140 | {"
level=warning msg="      | ^"
level=warning msg="/home/jerrytsai/unikraft/plat/native/arch/x86_64/include/uk/plat/native/arch/sysctx.h:151:47: error: attribute(target("general-regs-only")) is unknown"
level=warning msg="  151 | __isr void uk_plat_native_sysctx_store(struct uk_plat_native_sysctx *sysctx);"
level=warning msg="      |                                               ^~~~~~~~~~~~~~~~~~~~~"
level=warning msg="/home/jerrytsai/unikraft/plat/native/arch/x86_64/include/uk/plat/native/arch/sysctx.h:160:46: error: attribute(target("general-regs-only")) is unknown"
level=warning msg="  160 | __isr void uk_plat_native_sysctx_load(struct uk_plat_native_sysctx *sysctx);"
level=warning msg="      |                                              ^~~~~~~~~~~~~~~~~~~~~"
level=warning msg="In file included from /home/jerrytsai/unikraft/lib/uklcpu/include/uk/lcpu/sysctx.h:11,"
level=warning msg="                 from /home/jerrytsai/unikraft/lib/uklcpu/include/uk/lcpu.h:24,"
level=warning msg="                 from /home/jerrytsai/unikraft/lib/ukdebug/include/uk/assert.h:39,"
level=warning msg="                 from /home/jerrytsai/unikraft/lib/ukalloc/include/uk/alloc.h:40,"
level=warning msg="                 from /home/jerrytsai/unikraft/include/uk/plat/memory.h:39,"
level=warning msg="                 from /home/jerrytsai/unikraft/plat/common/include/uk/plat/common/bootinfo.h:12,"
level=warning msg="                 from /home/jerrytsai/unikraft/lib/ukboot/include/uk/boot/earlytab.h:11,"
level=warning msg="                 from /home/jerrytsai/unikraft/plat/kvm/x86/qemu.c:8:"
level=warning msg="/home/jerrytsai/unikraft/plat/native/pal/include/uk/plat/pal/sysctx.h:33:1: error: attribute(target("general-regs-only")) is unknown"
level=warning msg="   33 | {"
level=warning msg="      | ^"
level=warning msg="/home/jerrytsai/unikraft/plat/native/pal/include/uk/plat/pal/sysctx.h:41:1: error: attribute(target("general-regs-only")) is unknown"
level=warning msg="   41 | {"
level=warning msg="      | ^"
level=warning msg="/home/jerrytsai/unikraft/plat/native/pal/include/uk/plat/pal/sysctx.h:47:1: error: attribute(target("general-regs-only")) is unknown"
level=warning msg="   47 | {"
level=warning msg="      | ^"
level=warning msg="/home/jerrytsai/unikraft/plat/native/pal/include/uk/plat/pal/sysctx.h:52:1: error: attribute(target("general-regs-only")) is unknown"
level=warning msg="   52 | {"
level=warning msg="      | ^"
level=warning msg="/home/jerrytsai/unikraft/plat/native/pal/include/uk/plat/pal/sysctx.h:57:1: error: attribute(target("general-regs-only")) is unknown"
level=warning msg="   57 | {"
level=warning msg="      | ^"
level=warning msg="/home/jerrytsai/unikraft/plat/native/pal/include/uk/plat/pal/sysctx.h:62:1: error: attribute(target("general-regs-only")) is unknown"
level=warning msg="   62 | {"
level=warning msg="      | ^"
level=warning msg="In file included from /home/jerrytsai/unikraft/lib/uklcpu/include/uk/lcpu/sysctx.h:12,"
level=warning msg="                 from /home/jerrytsai/unikraft/lib/uklcpu/include/uk/lcpu.h:24,"
level=warning msg="                 from /home/jerrytsai/unikraft/lib/ukdebug/include/uk/assert.h:39,"
level=warning msg="                 from /home/jerrytsai/unikraft/lib/ukalloc/include/uk/alloc.h:40,"
level=warning msg="                 from /home/jerrytsai/unikraft/include/uk/plat/memory.h:39,"
level=warning msg="                 from /home/jerrytsai/unikraft/plat/common/include/uk/plat/common/bootinfo.h:12,"
level=warning msg="                 from /home/jerrytsai/unikraft/lib/ukboot/include/uk/boot/earlytab.h:11,"
level=warning msg="                 from /home/jerrytsai/unikraft/plat/kvm/x86/qemu.c:8:"
level=warning msg="/home/jerrytsai/unikraft/lib/ukpal/include/uk/pal/sysctx.h:60:44: error: attribute(target("general-regs-only")) is unknown"
level=warning msg="   60 | __isr __u64 uk_pal_sysctx_get(const struct uk_pal_sysctx *sc, __sz offset);"
level=warning msg="      |                                            ^~~~~~~~~~~~~"
level=warning msg="/home/jerrytsai/unikraft/lib/ukpal/include/uk/pal/sysctx.h:69:37: error: attribute(target("general-regs-only")) is unknown"
level=warning msg="   69 | __isr void uk_pal_sysctx_set(struct uk_pal_sysctx *sc, __sz offset, __u64 val);"
level=warning msg="      |                                     ^~~~~~~~~~~~~"
level=warning msg="/home/jerrytsai/unikraft/lib/ukpal/include/uk/pal/sysctx.h:76:39: error: attribute(target("general-regs-only")) is unknown"
level=warning msg="   76 | __isr void uk_pal_sysctx_store(struct uk_pal_sysctx *sysctx);"
level=warning msg="      |                                       ^~~~~~~~~~~~~"
level=warning msg="/home/jerrytsai/unikraft/lib/ukpal/include/uk/pal/sysctx.h:83:38: error: attribute(target("general-regs-only")) is unknown"
level=warning msg="   83 | __isr void uk_pal_sysctx_load(struct uk_pal_sysctx *sysctx);"
level=warning msg="      |                                      ^~~~~~~~~~~~~"
level=warning msg="/home/jerrytsai/unikraft/lib/ukpal/include/uk/pal/sysctx.h:90:1: error: attribute(target("general-regs-only")) is unknown"
level=warning msg="   90 | __isr __uptr uk_pal_tlsp_get(void);"
level=warning msg="      | ^~~~~"
level=warning msg="/home/jerrytsai/unikraft/lib/ukpal/include/uk/pal/sysctx.h:97:1: error: attribute(target("general-regs-only")) is unknown"
level=warning msg="   97 | __isr void uk_pal_tlsp_set(__uptr tlsp);"
level=warning msg="      | ^~~~~"
level=warning msg="In file included from /home/jerrytsai/unikraft/lib/uklcpu/include/uk/lcpu.h:24,"
level=warning msg="                 from /home/jerrytsai/unikraft/lib/ukdebug/include/uk/assert.h:39,"
level=warning msg="                 from /home/jerrytsai/unikraft/lib/ukalloc/include/uk/alloc.h:40,"
level=warning msg="                 from /home/jerrytsai/unikraft/include/uk/plat/memory.h:39,"
level=warning msg="                 from /home/jerrytsai/unikraft/plat/common/include/uk/plat/common/bootinfo.h:12,"
level=warning msg="                 from /home/jerrytsai/unikraft/lib/ukboot/include/uk/boot/earlytab.h:11,"
level=warning msg="                 from /home/jerrytsai/unikraft/plat/kvm/x86/qemu.c:8:"
level=warning msg="/home/jerrytsai/unikraft/lib/uklcpu/include/uk/lcpu/sysctx.h:33:1: error: attribute(target("general-regs-only")) is unknown"
level=warning msg="   33 | {"
level=warning msg="      | ^"
level=warning msg="/home/jerrytsai/unikraft/lib/uklcpu/include/uk/lcpu/sysctx.h:38:1: error: attribute(target("general-regs-only")) is unknown"
level=warning msg="   38 | {"
level=warning msg="      | ^"
level=warning msg="/home/jerrytsai/unikraft/lib/uklcpu/include/uk/lcpu/sysctx.h:43:1: error: attribute(target("general-regs-only")) is unknown"
level=warning msg="   43 | {"
level=warning msg="      | ^"
level=warning msg="/home/jerrytsai/unikraft/lib/uklcpu/include/uk/lcpu/sysctx.h:48:1: error: attribute(target("general-regs-only")) is unknown"
level=warning msg="   48 | {"
level=warning msg="      | ^"
level=warning msg="In file included from /home/jerrytsai/unikraft/lib/ukdebug/include/uk/assert.h:39,"
level=warning msg="                 from /home/jerrytsai/unikraft/lib/ukalloc/include/uk/alloc.h:40,"
level=warning msg="                 from /home/jerrytsai/unikraft/include/uk/plat/memory.h:39,"
level=warning msg="                 from /home/jerrytsai/unikraft/plat/common/include/uk/plat/common/bootinfo.h:12,"
level=warning msg="                 from /home/jerrytsai/unikraft/lib/ukboot/include/uk/boot/earlytab.h:11,"
level=warning msg="                 from /home/jerrytsai/unikraft/plat/kvm/x86/qemu.c:8:"
level=warning msg="/home/jerrytsai/unikraft/lib/uklcpu/include/uk/lcpu.h:303:1: error: attribute(target("general-regs-only")) is unknown"
level=warning msg="  303 | __isr __u64 uk_lcpu_get_current_idx_in_except(void);"
level=warning msg="      | ^~~~~"
level=warning msg="In file included from /home/jerrytsai/unikraft/lib/ukdebug/include/uk/assert.h:44,"
level=warning msg="                 from /home/jerrytsai/unikraft/lib/ukalloc/include/uk/alloc.h:40,"
level=warning msg="                 from /home/jerrytsai/unikraft/include/uk/plat/memory.h:39,"
level=warning msg="                 from /home/jerrytsai/unikraft/plat/common/include/uk/plat/common/bootinfo.h:12,"
level=warning msg="                 from /home/jerrytsai/unikraft/lib/ukboot/include/uk/boot/earlytab.h:11,"
level=warning msg="                 from /home/jerrytsai/unikraft/plat/kvm/x86/qemu.c:8:"
level=warning msg="/home/jerrytsai/unikraft/lib/ukprint/include/uk/print.h:67:7: error: attribute(target("general-regs-only")) is unknown"
level=warning msg="   67 |       unsigned int srcline, const char *fmt, va_list ap);"
level=warning msg="      |       ^~~~~~~~"
level=warning msg="/home/jerrytsai/unikraft/lib/ukprint/include/uk/print.h:70:6: error: attribute(target("general-regs-only")) is unknown"
level=warning msg="   70 |      const char *fmt, ...) __printf(5, 6);"
level=warning msg="      |      ^~~~~"
level=warning msg="In file included from /home/jerrytsai/unikraft/plat/kvm/x86/qemu.c:9:"
level=warning msg="/home/jerrytsai/unikraft/lib/ukpm/include/uk/pm.h:33:1: error: attribute(target("general-regs-only")) is unknown"
level=warning msg="   33 | {"
level=warning msg="      | ^"
level=warning msg="/home/jerrytsai/unikraft/lib/ukpm/include/uk/pm.h:116:37: error: attribute(target("general-regs-only")) is unknown"
level=warning msg="  116 | int uk_pm_ops_register(const struct uk_pm_ops *ops) __isr;"
level=warning msg="      |                                     ^~~~~~~~~"
level=warning msg="/home/jerrytsai/unikraft/lib/ukpm/include/uk/pm.h:134:1: error: attribute(target("general-regs-only")) is unknown"
level=warning msg="  134 | void uk_pm_syshalt(void) __noreturn __isr;"
level=warning msg="      | ^~~~"
level=warning msg="/home/jerrytsai/unikraft/lib/ukpm/include/uk/pm.h:139:1: error: attribute(target("general-regs-only")) is unknown"
level=warning msg="  139 | void uk_pm_sysrestart(void) __noreturn __isr;"
level=warning msg="      | ^~~~"
level=warning msg="/home/jerrytsai/unikraft/lib/ukpm/include/uk/pm.h:145:1: error: attribute(target("general-regs-only")) is unknown"
level=warning msg="  145 | int uk_pm_syssuspend(void) __isr;"
level=warning msg="      | ^~~"
level=warning msg="/home/jerrytsai/unikraft/lib/ukpm/include/uk/pm.h:150:1: error: attribute(target("general-regs-only")) is unknown"
level=warning msg="  150 | void uk_pm_syscrash(void) __noreturn __isr;"
level=warning msg="      | ^~~~"
level=warning msg="/home/jerrytsai/unikraft/lib/ukpm/include/uk/pm.h:160:38: error: attribute(target("general-regs-only")) is unknown"
level=warning msg="  160 | void uk_pm_raise_shutdown_event(enum uk_pm_shutdown_op op) __isr;"
level=warning msg="      |                                      ^~~~~~~~~~~~~~~~~"
level=warning msg="/home/jerrytsai/unikraft/lib/ukpm/include/uk/pm.h:168:26: error: attribute(target("general-regs-only")) is unknown"
level=warning msg="  168 | void uk_pm_shutdown(enum uk_pm_shutdown_op op) __noreturn __isr;"
level=warning msg="      |                          ^~~~~~~~~~~~~~~~~"
level=warning msg="/home/jerrytsai/unikraft/plat/kvm/x86/qemu.c:31:1: error: attribute(target("general-regs-only")) is unknown"
level=warning msg="   31 | {"
level=warning msg="      | ^"
level=warning msg="/home/jerrytsai/unikraft/plat/kvm/x86/qemu.c:36:1: error: attribute(target("general-regs-only")) is unknown"
level=warning msg="   36 | {"
level=warning msg="      | ^"
level=warning msg="/home/jerrytsai/unikraft/plat/kvm/x86/qemu.c:48:1: error: attribute(target("general-regs-only")) is unknown"
level=warning msg="   48 | {"
level=warning msg="      | ^"
level=warning msg="/home/jerrytsai/unikraft/plat/kvm/x86/qemu.c:59:1: error: attribute(target("general-regs-only")) is unknown"
level=warning msg="   59 | {"
level=warning msg="      | ^"
level=warning msg="make[3]: *** [/home/jerrytsai/unikraft/support/build/Makefile.build:49: /home/jerrytsai/vm-final-project/.unikraft/build/libkvmplat/qemu.x86.o] Error 1"
level=info msg="  CC      libkvmplat: bootinfo.common.o"
level=warning msg="In file included from /home/jerrytsai/unikraft/plat/native/pal/include/uk/plat/pal/ectx.h:11,"
level=warning msg="                 from /home/jerrytsai/unikraft/lib/uklcpu/include/uk/lcpu/ectx.h:11,"
level=warning msg="                 from /home/jerrytsai/unikraft/lib/uklcpu/include/uk/lcpu.h:19,"
level=warning msg="                 from /home/jerrytsai/unikraft/lib/ukdebug/include/uk/assert.h:39,"
level=warning msg="                 from /home/jerrytsai/unikraft/lib/ukalloc/include/uk/alloc.h:40,"
level=warning msg="                 from /home/jerrytsai/unikraft/include/uk/plat/memory.h:39,"
level=warning msg="                 from /home/jerrytsai/unikraft/plat/common/include/uk/plat/common/bootinfo.h:12,"
level=warning msg="                 from /home/jerrytsai/unikraft/plat/common/bootinfo.c:8:"
level=warning msg="/home/jerrytsai/unikraft/plat/native/arch/x86_64/include/uk/plat/native/arch/ectx.h:70:48: error: attribute(target("general-regs-only")) is unknown"
level=warning msg="   70 | __isr void uk_plat_native_ectx_sanitize(struct uk_plat_native_ectx *state);"
level=warning msg="      |                                                ^~~~~~~~~~~~~~~~~~~"
level=warning msg="/home/jerrytsai/unikraft/plat/native/arch/x86_64/include/uk/plat/native/arch/ectx.h:79:45: error: attribute(target("general-regs-only")) is unknown"
level=warning msg="   79 | __isr void uk_plat_native_ectx_store(struct uk_plat_native_ectx *state);"
level=warning msg="      |                                             ^~~~~~~~~~~~~~~~~~~"
level=warning msg="/home/jerrytsai/unikraft/plat/native/arch/x86_64/include/uk/plat/native/arch/ectx.h:90:44: error: attribute(target("general-regs-only")) is unknown"
level=warning msg="   90 | __isr void uk_plat_native_ectx_load(struct uk_plat_native_ectx *state);"
level=warning msg="      |                                            ^~~~~~~~~~~~~~~~~~~"
level=warning msg="/home/jerrytsai/unikraft/plat/native/arch/x86_64/include/uk/plat/native/arch/ectx.h:99:44: error: attribute(target("general-regs-only")) is unknown"
level=warning msg="   99 | __isr void uk_plat_native_ectx_init(struct uk_plat_native_ectx *state);"
level=warning msg="      |                                            ^~~~~~~~~~~~~~~~~~~"
level=warning msg="/home/jerrytsai/unikraft/plat/native/arch/x86_64/include/uk/plat/native/arch/ectx.h:110:52: error: attribute(target("general-regs-only")) is unknown"
level=warning msg="  110 | __isr void uk_plat_native_ectx_assert_equal(struct uk_plat_native_ectx *state);"
level=warning msg="      |                                                    ^~~~~~~~~~~~~~~~~~~"
level=warning msg="In file included from /home/jerrytsai/unikraft/lib/uklcpu/include/uk/lcpu/ectx.h:11,"
level=warning msg="                 from /home/jerrytsai/unikraft/lib/uklcpu/include/uk/lcpu.h:19,"
level=warning msg="                 from /home/jerrytsai/unikraft/lib/ukdebug/include/uk/assert.h:39,"
level=warning msg="                 from /home/jerrytsai/unikraft/lib/ukalloc/include/uk/alloc.h:40,"
level=warning msg="                 from /home/jerrytsai/unikraft/include/uk/plat/memory.h:39,"
level=warning msg="                 from /home/jerrytsai/unikraft/plat/common/include/uk/plat/common/bootinfo.h:12,"
level=warning msg="                 from /home/jerrytsai/unikraft/plat/common/bootinfo.c:8:"
level=warning msg="/home/jerrytsai/unikraft/plat/native/pal/include/uk/plat/pal/ectx.h:29:1: error: attribute(target("general-regs-only")) is unknown"
level=warning msg="   29 | {"
level=warning msg="      | ^"
level=warning msg="/home/jerrytsai/unikraft/plat/native/pal/include/uk/plat/pal/ectx.h:34:1: error: attribute(target("general-regs-only")) is unknown"
level=warning msg="   34 | {"
level=warning msg="      | ^"
level=warning msg="/home/jerrytsai/unikraft/plat/native/pal/include/uk/plat/pal/ectx.h:39:1: error: attribute(target("general-regs-only")) is unknown"
level=warning msg="   39 | {"
level=warning msg="      | ^"
level=warning msg="/home/jerrytsai/unikraft/plat/native/pal/include/uk/plat/pal/ectx.h:44:1: error: attribute(target("general-regs-only")) is unknown"
level=warning msg="   44 | {"
level=warning msg="      | ^"
level=warning msg="/home/jerrytsai/unikraft/plat/native/pal/include/uk/plat/pal/ectx.h:49:1: error: attribute(target("general-regs-only")) is unknown"
level=warning msg="   49 | {"
level=warning msg="      | ^"
level=warning msg="In file included from /home/jerrytsai/unikraft/lib/uklcpu/include/uk/lcpu/ectx.h:12,"
level=warning msg="                 from /home/jerrytsai/unikraft/lib/uklcpu/include/uk/lcpu.h:19,"
level=warning msg="                 from /home/jerrytsai/unikraft/lib/ukdebug/include/uk/assert.h:39,"
level=warning msg="                 from /home/jerrytsai/unikraft/lib/ukalloc/include/uk/alloc.h:40,"
level=warning msg="                 from /home/jerrytsai/unikraft/include/uk/plat/memory.h:39,"
level=warning msg="                 from /home/jerrytsai/unikraft/plat/common/include/uk/plat/common/bootinfo.h:12,"
level=warning msg="                 from /home/jerrytsai/unikraft/plat/common/bootinfo.c:8:"
level=warning msg="/home/jerrytsai/unikraft/lib/ukpal/include/uk/pal/ectx.h:63:40: error: attribute(target("general-regs-only")) is unknown"
level=warning msg="   63 | __isr void uk_pal_ectx_sanitize(struct uk_pal_ectx *state);"
level=warning msg="      |                                        ^~~~~~~~~~~"
level=warning msg="/home/jerrytsai/unikraft/lib/ukpal/include/uk/pal/ectx.h:79:37: error: attribute(target("general-regs-only")) is unknown"
level=warning msg="   79 | __isr void uk_pal_ectx_store(struct uk_pal_ectx *state);"
level=warning msg="      |                                     ^~~~~~~~~~~"
level=warning msg="/home/jerrytsai/unikraft/lib/ukpal/include/uk/pal/ectx.h:87:36: error: attribute(target("general-regs-only")) is unknown"
level=warning msg="   87 | __isr void uk_pal_ectx_load(struct uk_pal_ectx *state);"
level=warning msg="      |                                    ^~~~~~~~~~~"
level=warning msg="/home/jerrytsai/unikraft/lib/ukpal/include/uk/pal/ectx.h:96:44: error: attribute(target("general-regs-only")) is unknown"
level=warning msg="   96 | __isr void uk_pal_ectx_assert_equal(struct uk_pal_ectx *state);"
level=warning msg="      |                                            ^~~~~~~~~~~"
level=warning msg="In file included from /home/jerrytsai/unikraft/lib/uklcpu/include/uk/lcpu.h:19,"
level=warning msg="                 from /home/jerrytsai/unikraft/lib/ukdebug/include/uk/assert.h:39,"
level=warning msg="                 from /home/jerrytsai/unikraft/lib/ukalloc/include/uk/alloc.h:40,"
level=warning msg="                 from /home/jerrytsai/unikraft/include/uk/plat/memory.h:39,"
level=warning msg="                 from /home/jerrytsai/unikraft/plat/common/include/uk/plat/common/bootinfo.h:12,"
level=warning msg="                 from /home/jerrytsai/unikraft/plat/common/bootinfo.c:8:"
level=warning msg="/home/jerrytsai/unikraft/lib/uklcpu/include/uk/lcpu/ectx.h:34:1: error: attribute(target("general-regs-only")) is unknown"
level=warning msg="   34 | {"
level=warning msg="      | ^"
level=warning msg="/home/jerrytsai/unikraft/lib/uklcpu/include/uk/lcpu/ectx.h:39:1: error: attribute(target("general-regs-only")) is unknown"
level=warning msg="   39 | {"
level=warning msg="      | ^"
level=warning msg="/home/jerrytsai/unikraft/lib/uklcpu/include/uk/lcpu/ectx.h:44:1: error: attribute(target("general-regs-only")) is unknown"
level=warning msg="   44 | {"
level=warning msg="      | ^"
level=warning msg="/home/jerrytsai/unikraft/lib/uklcpu/include/uk/lcpu/ectx.h:49:1: error: attribute(target("general-regs-only")) is unknown"
level=warning msg="   49 | {"
level=warning msg="      | ^"
level=warning msg="/home/jerrytsai/unikraft/lib/uklcpu/include/uk/lcpu/ectx.h:54:1: error: attribute(target("general-regs-only")) is unknown"
level=warning msg="   54 | {"
level=warning msg="      | ^"
level=warning msg="In file included from /home/jerrytsai/unikraft/plat/native/arch/x86_64/include/uk/plat/native/arch/except.h:14,"
level=warning msg="                 from /home/jerrytsai/unikraft/plat/native/pal/include/uk/plat/pal/except.h:11,"
level=warning msg="                 from /home/jerrytsai/unikraft/lib/uklcpu/include/uk/lcpu/except.h:11,"
level=warning msg="                 from /home/jerrytsai/unikraft/lib/uklcpu/include/uk/lcpu.h:20,"
level=warning msg="                 from /home/jerrytsai/unikraft/lib/ukdebug/include/uk/assert.h:39,"
level=warning msg="                 from /home/jerrytsai/unikraft/lib/ukalloc/include/uk/alloc.h:40,"
level=warning msg="                 from /home/jerrytsai/unikraft/include/uk/plat/memory.h:39,"
level=warning msg="                 from /home/jerrytsai/unikraft/plat/common/include/uk/plat/common/bootinfo.h:12,"
level=warning msg="                 from /home/jerrytsai/unikraft/plat/common/bootinfo.c:8:"
level=warning msg="/home/jerrytsai/unikraft/plat/native/arch/x86_64/include/uk/plat/native/arch/regs.h:187:1: error: attribute(target("general-regs-only")) is unknown"
level=warning msg="  187 | {"
level=warning msg="      | ^"
level=warning msg="/home/jerrytsai/unikraft/plat/native/arch/x86_64/include/uk/plat/native/arch/regs.h:203:1: error: attribute(target("general-regs-only")) is unknown"
level=warning msg="  203 | {"
level=warning msg="      | ^"
level=warning msg="In file included from /home/jerrytsai/unikraft/plat/native/pal/include/uk/plat/pal/except.h:11,"
level=warning msg="                 from /home/jerrytsai/unikraft/lib/uklcpu/include/uk/lcpu/except.h:11,"
level=warning msg="                 from /home/jerrytsai/unikraft/lib/uklcpu/include/uk/lcpu.h:20,"
level=warning msg="                 from /home/jerrytsai/unikraft/lib/ukdebug/include/uk/assert.h:39,"
level=warning msg="                 from /home/jerrytsai/unikraft/lib/ukalloc/include/uk/alloc.h:40,"
level=warning msg="                 from /home/jerrytsai/unikraft/include/uk/plat/memory.h:39,"
level=warning msg="                 from /home/jerrytsai/unikraft/plat/common/include/uk/plat/common/bootinfo.h:12,"
level=warning msg="                 from /home/jerrytsai/unikraft/plat/common/bootinfo.c:8:"
level=warning msg="/home/jerrytsai/unikraft/plat/native/arch/x86_64/include/uk/plat/native/arch/except.h:68:1: error: attribute(target("general-regs-only")) is unknown"
level=warning msg="   68 | {"
level=warning msg="      | ^"
level=warning msg="/home/jerrytsai/unikraft/plat/native/arch/x86_64/include/uk/plat/native/arch/except.h:76:1: error: attribute(target("general-regs-only")) is unknown"
level=warning msg="   76 | {"
level=warning msg="      | ^"
level=warning msg="/home/jerrytsai/unikraft/plat/native/arch/x86_64/include/uk/plat/native/arch/except.h:83:1: error: attribute(target("general-regs-only")) is unknown"
level=warning msg="   83 | {"
level=warning msg="      | ^"
level=warning msg="/home/jerrytsai/unikraft/plat/native/arch/x86_64/include/uk/plat/native/arch/except.h:91:1: error: attribute(target("general-regs-only")) is unknown"
level=warning msg="   91 | {"
level=warning msg="      | ^"
level=warning msg="/home/jerrytsai/unikraft/plat/native/arch/x86_64/include/uk/plat/native/arch/except.h:98:1: error: attribute(target("general-regs-only")) is unknown"
level=warning msg="   98 | {"
level=warning msg="      | ^"
level=warning msg="/home/jerrytsai/unikraft/plat/native/arch/x86_64/include/uk/plat/native/arch/except.h:106:1: error: attribute(target("general-regs-only")) is unknown"
level=warning msg="  106 | {"
level=warning msg="      | ^"
level=warning msg="/home/jerrytsai/unikraft/plat/native/arch/x86_64/include/uk/plat/native/arch/except.h:113:1: error: attribute(target("general-regs-only")) is unknown"
level=warning msg="  113 | {"
level=warning msg="      | ^"
level=warning msg="/home/jerrytsai/unikraft/plat/native/arch/x86_64/include/uk/plat/native/arch/except.h:121:1: error: attribute(target("general-regs-only")) is unknown"
level=warning msg="  121 | {"
level=warning msg="      | ^"
level=warning msg="/home/jerrytsai/unikraft/plat/native/arch/x86_64/include/uk/plat/native/arch/except.h:128:1: error: attribute(target("general-regs-only")) is unknown"
level=warning msg="  128 | {"
level=warning msg="      | ^"
level=warning msg="/home/jerrytsai/unikraft/plat/native/arch/x86_64/include/uk/plat/native/arch/except.h:136:1: error: attribute(target("general-regs-only")) is unknown"
level=warning msg="  136 | {"
level=warning msg="      | ^"
level=warning msg="/home/jerrytsai/unikraft/plat/native/arch/x86_64/include/uk/plat/native/arch/except.h:143:1: error: attribute(target("general-regs-only")) is unknown"
level=warning msg="  143 | {"
level=warning msg="      | ^"
level=warning msg="/home/jerrytsai/unikraft/plat/native/arch/x86_64/include/uk/plat/native/arch/except.h:151:1: error: attribute(target("general-regs-only")) is unknown"
level=warning msg="  151 | {"
level=warning msg="      | ^"
level=warning msg="/home/jerrytsai/unikraft/plat/native/arch/x86_64/include/uk/plat/native/arch/except.h:170:1: error: attribute(target("general-regs-only")) is unknown"
level=warning msg="  170 | {"
level=warning msg="      | ^"
level=warning msg="/home/jerrytsai/unikraft/plat/native/arch/x86_64/include/uk/plat/native/arch/except.h:178:1: error: attribute(target("general-regs-only")) is unknown"
level=warning msg="  178 | {"
level=warning msg="      | ^"
level=warning msg="/home/jerrytsai/unikraft/plat/native/arch/x86_64/include/uk/plat/native/arch/except.h:185:1: error: attribute(target("general-regs-only")) is unknown"
level=warning msg="  185 | {"
level=warning msg="      | ^"
level=warning msg="/home/jerrytsai/unikraft/plat/native/arch/x86_64/include/uk/plat/native/arch/except.h:193:1: error: attribute(target("general-regs-only")) is unknown"
level=warning msg="  193 | {"
level=warning msg="      | ^"
level=warning msg="/home/jerrytsai/unikraft/plat/native/arch/x86_64/include/uk/plat/native/arch/except.h:203:1: error: attribute(target("general-regs-only")) is unknown"
level=warning msg="  203 | __isr int uk_plat_native_except_init(void);"
level=warning msg="      | ^~~~~"
level=warning msg="/home/jerrytsai/unikraft/plat/native/arch/x86_64/include/uk/plat/native/arch/except.h:210:1: error: attribute(target("general-regs-only")) is unknown"
level=warning msg="  210 | {"
level=warning msg="      | ^"
level=warning msg="/home/jerrytsai/unikraft/plat/native/arch/x86_64/include/uk/plat/native/arch/except.h:220:1: error: attribute(target("general-regs-only")) is unknown"
level=warning msg="  220 | {"
level=warning msg="      | ^"
level=warning msg="/home/jerrytsai/unikraft/plat/native/arch/x86_64/include/uk/plat/native/arch/except.h:232:1: error: attribute(target("general-regs-only")) is unknown"
level=warning msg="  232 | {"
level=warning msg="      | ^"
level=warning msg="/home/jerrytsai/unikraft/plat/native/arch/x86_64/include/uk/plat/native/arch/except.h:248:1: error: attribute(target("general-regs-only")) is unknown"
level=warning msg="  248 | {"
level=warning msg="      | ^"
level=warning msg="/home/jerrytsai/unikraft/plat/native/arch/x86_64/include/uk/plat/native/arch/except.h:261:1: error: attribute(target("general-regs-only")) is unknown"
level=warning msg="  261 | {"
level=warning msg="      | ^"
level=warning msg="/home/jerrytsai/unikraft/plat/native/arch/x86_64/include/uk/plat/native/arch/except.h:277:1: error: attribute(target("general-regs-only")) is unknown"
level=warning msg="  277 | __isr __uptr uk_plat_native_except_get_except_stack_base(void);"
level=warning msg="      | ^~~~~"
level=warning msg="/home/jerrytsai/unikraft/plat/native/arch/x86_64/include/uk/plat/native/arch/except.h:284:1: error: attribute(target("general-regs-only")) is unknown"
level=warning msg="  284 | __isr void uk_plat_native_except_push_nested(void);"
level=warning msg="      | ^~~~~"
level=warning msg="/home/jerrytsai/unikraft/plat/native/arch/x86_64/include/uk/plat/native/arch/except.h:291:1: error: attribute(target("general-regs-only")) is unknown"
level=warning msg="  291 | __isr void uk_plat_native_except_pop_nested(void);"
level=warning msg="      | ^~~~~"
level=warning msg="In file included from /home/jerrytsai/unikraft/plat/native/pal/include/uk/plat/pal/except.h:12,"
level=warning msg="                 from /home/jerrytsai/unikraft/lib/uklcpu/include/uk/lcpu/except.h:11,"
level=warning msg="                 from /home/jerrytsai/unikraft/lib/uklcpu/include/uk/lcpu.h:20,"
level=warning msg="                 from /home/jerrytsai/unikraft/lib/ukdebug/include/uk/assert.h:39,"
level=warning msg="                 from /home/jerrytsai/unikraft/lib/ukalloc/include/uk/alloc.h:40,"
level=warning msg="                 from /home/jerrytsai/unikraft/include/uk/plat/memory.h:39,"
level=warning msg="                 from /home/jerrytsai/unikraft/plat/common/include/uk/plat/common/bootinfo.h:12,"
level=warning msg="                 from /home/jerrytsai/unikraft/plat/common/bootinfo.c:8:"
level=warning msg="/home/jerrytsai/unikraft/plat/native/pal/arch/x86_64/include/uk/plat/pal/arch/except.h:25:1: error: attribute(target("general-regs-only")) is unknown"
level=warning msg="   25 | {"
level=warning msg="      | ^"
level=warning msg="/home/jerrytsai/unikraft/plat/native/pal/arch/x86_64/include/uk/plat/pal/arch/except.h:33:1: error: attribute(target("general-regs-only")) is unknown"
level=warning msg="   33 | {"
level=warning msg="      | ^"
level=warning msg="/home/jerrytsai/unikraft/plat/native/pal/arch/x86_64/include/uk/plat/pal/arch/except.h:41:1: error: attribute(target("general-regs-only")) is unknown"
level=warning msg="   41 | {"
level=warning msg="      | ^"
level=warning msg="/home/jerrytsai/unikraft/plat/native/pal/arch/x86_64/include/uk/plat/pal/arch/except.h:49:1: error: attribute(target("general-regs-only")) is unknown"
level=warning msg="   49 | {"
level=warning msg="      | ^"
level=warning msg="In file included from /home/jerrytsai/unikraft/lib/uklcpu/include/uk/lcpu/except.h:11,"
level=warning msg="                 from /home/jerrytsai/unikraft/lib/uklcpu/include/uk/lcpu.h:20,"
level=warning msg="                 from /home/jerrytsai/unikraft/lib/ukdebug/include/uk/assert.h:39,"
level=warning msg="                 from /home/jerrytsai/unikraft/lib/ukalloc/include/uk/alloc.h:40,"
level=warning msg="                 from /home/jerrytsai/unikraft/include/uk/plat/memory.h:39,"
level=warning msg="                 from /home/jerrytsai/unikraft/plat/common/include/uk/plat/common/bootinfo.h:12,"
level=warning msg="                 from /home/jerrytsai/unikraft/plat/common/bootinfo.c:8:"
level=warning msg="/home/jerrytsai/unikraft/plat/native/pal/include/uk/plat/pal/except.h:42:1: error: attribute(target("general-regs-only")) is unknown"
level=warning msg="   42 | {"
level=warning msg="      | ^"
level=warning msg="/home/jerrytsai/unikraft/plat/native/pal/include/uk/plat/pal/except.h:50:1: error: attribute(target("general-regs-only")) is unknown"
level=warning msg="   50 | {"
level=warning msg="      | ^"
level=warning msg="/home/jerrytsai/unikraft/plat/native/pal/include/uk/plat/pal/except.h:57:1: error: attribute(target("general-regs-only")) is unknown"
level=warning msg="   57 | {"
level=warning msg="      | ^"
level=info msg="  AS      libkvmplat: cpu_vectors_x86_64.o"
level=warning msg="/home/jerrytsai/unikraft/plat/native/pal/include/uk/plat/pal/except.h:65:1: error: attribute(target("general-regs-only")) is unknown"
level=warning msg="   65 | {"
level=warning msg="      | ^"
level=warning msg="/home/jerrytsai/unikraft/plat/native/pal/include/uk/plat/pal/except.h:72:1: error: attribute(target("general-regs-only")) is unknown"
level=warning msg="   72 | {"
level=warning msg="      | ^"
level=warning msg="/home/jerrytsai/unikraft/plat/native/pal/include/uk/plat/pal/except.h:80:1: error: attribute(target("general-regs-only")) is unknown"
level=warning msg="   80 | {"
level=warning msg="      | ^"
level=warning msg="/home/jerrytsai/unikraft/plat/native/pal/include/uk/plat/pal/except.h:88:1: error: attribute(target("general-regs-only")) is unknown"
level=warning msg="   88 | {"
level=warning msg="      | ^"
level=warning msg="/home/jerrytsai/unikraft/plat/native/pal/include/uk/plat/pal/except.h:96:1: error: attribute(target("general-regs-only")) is unknown"
level=warning msg="   96 | {"
level=warning msg="      | ^"
level=warning msg="/home/jerrytsai/unikraft/plat/native/pal/include/uk/plat/pal/except.h:105:1: error: attribute(target("general-regs-only")) is unknown"
level=warning msg="  105 | {"
level=warning msg="      | ^"
level=warning msg="/home/jerrytsai/unikraft/plat/native/pal/include/uk/plat/pal/except.h:113:1: error: attribute(target("general-regs-only")) is unknown"
level=warning msg="  113 | {"
level=warning msg="      | ^"
level=warning msg="/home/jerrytsai/unikraft/plat/native/pal/include/uk/plat/pal/except.h:121:1: error: attribute(target("general-regs-only")) is unknown"
level=warning msg="  121 | {"
level=warning msg="      | ^"
level=warning msg="/home/jerrytsai/unikraft/plat/native/pal/include/uk/plat/pal/except.h:129:1: error: attribute(target("general-regs-only")) is unknown"
level=warning msg="  129 | {"
level=warning msg="      | ^"
level=warning msg="/home/jerrytsai/unikraft/plat/native/pal/include/uk/plat/pal/except.h:135:1: error: attribute(target("general-regs-only")) is unknown"
level=warning msg="  135 | {"
level=warning msg="      | ^"
level=warning msg="/home/jerrytsai/unikraft/plat/native/pal/include/uk/plat/pal/except.h:140:1: error: attribute(target("general-regs-only")) is unknown"
level=warning msg="  140 | {"
level=warning msg="      | ^"
level=warning msg="/home/jerrytsai/unikraft/plat/native/pal/include/uk/plat/pal/except.h:145:1: error: attribute(target("general-regs-only")) is unknown"
level=warning msg="  145 | {"
level=warning msg="      | ^"
level=warning msg="/home/jerrytsai/unikraft/plat/native/pal/include/uk/plat/pal/except.h:150:1: error: attribute(target("general-regs-only")) is unknown"
level=warning msg="  150 | {"
level=warning msg="      | ^"
level=warning msg="/home/jerrytsai/unikraft/plat/native/pal/include/uk/plat/pal/except.h:155:1: error: attribute(target("general-regs-only")) is unknown"
level=warning msg="  155 | {"
level=warning msg="      | ^"
level=warning msg="/home/jerrytsai/unikraft/plat/native/pal/include/uk/plat/pal/except.h:165:1: error: attribute(target("general-regs-only")) is unknown"
level=warning msg="  165 | {"
level=warning msg="      | ^"
level=warning msg="/home/jerrytsai/unikraft/plat/native/pal/include/uk/plat/pal/except.h:170:1: error: attribute(target("general-regs-only")) is unknown"
level=warning msg="  170 | {"
level=warning msg="      | ^"
level=warning msg="/home/jerrytsai/unikraft/plat/native/pal/include/uk/plat/pal/except.h:175:1: error: attribute(target("general-regs-only")) is unknown"
level=warning msg="  175 | {"
level=warning msg="      | ^"
level=warning msg="/home/jerrytsai/unikraft/plat/native/pal/include/uk/plat/pal/except.h:180:1: error: attribute(target("general-regs-only")) is unknown"
level=warning msg="  180 | {"
level=warning msg="      | ^"
level=warning msg="In file included from /home/jerrytsai/unikraft/lib/ukpal/include/uk/pal/except.h:19,"
level=warning msg="                 from /home/jerrytsai/unikraft/lib/uklcpu/include/uk/lcpu/except.h:12,"
level=warning msg="                 from /home/jerrytsai/unikraft/lib/uklcpu/include/uk/lcpu.h:20,"
level=warning msg="                 from /home/jerrytsai/unikraft/lib/ukdebug/include/uk/assert.h:39,"
level=warning msg="                 from /home/jerrytsai/unikraft/lib/ukalloc/include/uk/alloc.h:40,"
level=warning msg="                 from /home/jerrytsai/unikraft/include/uk/plat/memory.h:39,"
level=warning msg="                 from /home/jerrytsai/unikraft/plat/common/include/uk/plat/common/bootinfo.h:12,"
level=warning msg="                 from /home/jerrytsai/unikraft/plat/common/bootinfo.c:8:"
level=warning msg="/home/jerrytsai/unikraft/lib/ukpal/arch/x86_64/include/uk/pal/arch/except.h:25:15: error: attribute(target("general-regs-only")) is unknown"
level=warning msg="   25 |  const struct uk_pal_except_err_ctx *ctx);"
level=warning msg="      |               ^~~~~~~~~~~~~~~~~~~~~"
level=warning msg="/home/jerrytsai/unikraft/lib/ukpal/arch/x86_64/include/uk/pal/arch/except.h:29:2: error: attribute(target("general-regs-only")) is unknown"
level=warning msg="   29 |  __u32 trapnr);"
level=warning msg="      |  ^~~~~"
level=warning msg="/home/jerrytsai/unikraft/lib/ukpal/arch/x86_64/include/uk/pal/arch/except.h:32:15: error: attribute(target("general-regs-only")) is unknown"
level=warning msg="   32 |  const struct uk_pal_except_err_ctx *ctx);"
level=warning msg="      |               ^~~~~~~~~~~~~~~~~~~~~"
level=warning msg="/home/jerrytsai/unikraft/lib/ukpal/arch/x86_64/include/uk/pal/arch/except.h:36:2: error: attribute(target("general-regs-only")) is unknown"
level=warning msg="   36 |  __u64 error_code);"
level=warning msg="      |  ^~~~~"
level=warning msg="In file included from /home/jerrytsai/unikraft/lib/uklcpu/include/uk/lcpu/except.h:12,"
level=warning msg="                 from /home/jerrytsai/unikraft/lib/uklcpu/include/uk/lcpu.h:20,"
level=warning msg="                 from /home/jerrytsai/unikraft/lib/ukdebug/include/uk/assert.h:39,"
level=warning msg="                 from /home/jerrytsai/unikraft/lib/ukalloc/include/uk/alloc.h:40,"
level=warning msg="                 from /home/jerrytsai/unikraft/include/uk/plat/memory.h:39,"
level=warning msg="                 from /home/jerrytsai/unikraft/plat/common/include/uk/plat/common/bootinfo.h:12,"
level=warning msg="                 from /home/jerrytsai/unikraft/plat/common/bootinfo.c:8:"
level=warning msg="/home/jerrytsai/unikraft/lib/ukpal/include/uk/pal/except.h:77:15: error: attribute(target("general-regs-only")) is unknown"
level=warning msg="   77 |  const struct uk_pal_except_err_ctx *ctx);"
level=warning msg="      |               ^~~~~~~~~~~~~~~~~~~~~"
level=warning msg="/home/jerrytsai/unikraft/lib/ukpal/include/uk/pal/except.h:81:2: error: attribute(target("general-regs-only")) is unknown"
level=warning msg="   81 |  const char *str);"
level=warning msg="      |  ^~~~~"
level=warning msg="/home/jerrytsai/unikraft/lib/ukpal/include/uk/pal/except.h:84:15: error: attribute(target("general-regs-only")) is unknown"
level=warning msg="   84 |  const struct uk_pal_except_err_ctx *ctx);"
level=warning msg="      |               ^~~~~~~~~~~~~~~~~~~~~"
level=warning msg="/home/jerrytsai/unikraft/lib/ukpal/include/uk/pal/except.h:88:2: error: attribute(target("general-regs-only")) is unknown"
level=warning msg="   88 |  int handler_err);"
level=warning msg="      |  ^~~"
level=warning msg="/home/jerrytsai/unikraft/lib/ukpal/include/uk/pal/except.h:91:15: error: attribute(target("general-regs-only")) is unknown"
level=warning msg="   91 |  const struct uk_pal_except_err_ctx *ctx);"
level=warning msg="      |               ^~~~~~~~~~~~~~~~~~~~~"
level=warning msg="/home/jerrytsai/unikraft/lib/ukpal/include/uk/pal/except.h:95:9: error: attribute(target("general-regs-only")) is unknown"
level=warning msg="   95 |  struct uk_pal_regs *regs);"
level=warning msg="      |         ^~~~~~~~~~~"
level=warning msg="/home/jerrytsai/unikraft/lib/ukpal/include/uk/pal/except.h:98:15: error: attribute(target("general-regs-only")) is unknown"
level=warning msg="   98 |  const struct uk_pal_except_err_ctx *ctx);"
level=warning msg="      |               ^~~~~~~~~~~~~~~~~~~~~"
level=warning msg="/home/jerrytsai/unikraft/lib/ukpal/include/uk/pal/except.h:102:2: error: attribute(target("general-regs-only")) is unknown"
level=warning msg="  102 |  __u64 fault_addr);"
level=warning msg="      |  ^~~~~"
level=warning msg="/home/jerrytsai/unikraft/lib/ukpal/include/uk/pal/except.h:114:15: error: attribute(target("general-regs-only")) is unknown"
level=warning msg="  114 |  const struct uk_pal_except_irq_ctx *ctx);"
level=warning msg="      |               ^~~~~~~~~~~~~~~~~~~~~"
level=warning msg="/home/jerrytsai/unikraft/lib/ukpal/include/uk/pal/except.h:118:9: error: attribute(target("general-regs-only")) is unknown"
level=warning msg="  118 |  struct uk_pal_regs *regs);"
level=warning msg="      |         ^~~~~~~~~~~"
level=warning msg="/home/jerrytsai/unikraft/lib/ukpal/include/uk/pal/except.h:121:15: error: attribute(target("general-regs-only")) is unknown"
level=warning msg="  121 |  const struct uk_pal_except_irq_ctx *ctx);"
level=warning msg="      |               ^~~~~~~~~~~~~~~~~~~~~"
level=warning msg="/home/jerrytsai/unikraft/lib/ukpal/include/uk/pal/except.h:125:2: error: attribute(target("general-regs-only")) is unknown"
level=warning msg="  125 |  __u32 irq);"
level=warning msg="      |  ^~~~~"
level=warning msg="/home/jerrytsai/unikraft/lib/ukpal/include/uk/pal/except.h:133:1: error: attribute(target("general-regs-only")) is unknown"
level=warning msg="  133 | __isr void uk_pal_except_push_nested(void);"
level=warning msg="      | ^~~~~"
level=warning msg="/home/jerrytsai/unikraft/lib/ukpal/include/uk/pal/except.h:139:1: error: attribute(target("general-regs-only")) is unknown"
level=warning msg="  139 | __isr void uk_pal_except_pop_nested(void);"
level=warning msg="      | ^~~~~"
level=warning msg="/home/jerrytsai/unikraft/lib/ukpal/include/uk/pal/except.h:147:1: error: attribute(target("general-regs-only")) is unknown"
level=warning msg="  147 | __isr void uk_pal_disable_irq(void);"
level=warning msg="      | ^~~~~"
level=warning msg="/home/jerrytsai/unikraft/lib/ukpal/include/uk/pal/except.h:153:1: error: attribute(target("general-regs-only")) is unknown"
level=warning msg="  153 | __isr void uk_pal_enable_irq(void);"
level=warning msg="      | ^~~~~"
level=warning msg="/home/jerrytsai/unikraft/lib/ukpal/include/uk/pal/except.h:160:1: error: attribute(target("general-regs-only")) is unknown"
level=warning msg="  160 | __isr int uk_pal_irqs_disabled(void);"
level=warning msg="      | ^~~~~"
level=warning msg="/home/jerrytsai/unikraft/lib/ukpal/include/uk/pal/except.h:166:1: error: attribute(target("general-regs-only")) is unknown"
level=warning msg="  166 | __isr void uk_pal_irqs_handle_pending(void);"
level=warning msg="      | ^~~~~"
level=warning msg="/home/jerrytsai/unikraft/lib/ukpal/include/uk/pal/except.h:174:1: error: attribute(target("general-regs-only")) is unknown"
level=warning msg="  174 | __isr void uk_pal_restore_irqf(unsigned long flags);"
level=warning msg="      | ^~~~~"
level=warning msg="/home/jerrytsai/unikraft/lib/ukpal/include/uk/pal/except.h:182:1: error: attribute(target("general-regs-only")) is unknown"
level=warning msg="  182 | __isr unsigned long uk_pal_save_irqf(void);"
level=warning msg="      | ^~~~~"
level=warning msg="/home/jerrytsai/unikraft/lib/ukpal/include/uk/pal/except.h:189:1: error: attribute(target("general-regs-only")) is unknown"
level=warning msg="  189 | __isr __uptr uk_pal_except_get_except_stack_base(void);"
level=warning msg="      | ^~~~~"
level=warning msg="/home/jerrytsai/unikraft/lib/ukpal/include/uk/pal/except.h:196:1: error: attribute(target("general-regs-only")) is unknown"
level=warning msg="  196 | __isr int uk_pal_except_init(void);"
level=warning msg="      | ^~~~~"
level=warning msg="In file included from /home/jerrytsai/unikraft/lib/uklcpu/include/uk/lcpu/except.h:13,"
level=warning msg="                 from /home/jerrytsai/unikraft/lib/uklcpu/include/uk/lcpu.h:20,"
level=warning msg="                 from /home/jerrytsai/unikraft/lib/ukdebug/include/uk/assert.h:39,"
level=warning msg="                 from /home/jerrytsai/unikraft/lib/ukalloc/include/uk/alloc.h:40,"
level=warning msg="                 from /home/jerrytsai/unikraft/include/uk/plat/memory.h:39,"
level=warning msg="                 from /home/jerrytsai/unikraft/plat/common/include/uk/plat/common/bootinfo.h:12,"
level=warning msg="                 from /home/jerrytsai/unikraft/plat/common/bootinfo.c:8:"
level=warning msg="/home/jerrytsai/unikraft/lib/uklcpu/arch/x86_64/include/uk/lcpu/arch/except.h:26:1: error: attribute(target("general-regs-only")) is unknown"
level=warning msg="   26 | {"
level=warning msg="      | ^"
level=warning msg="/home/jerrytsai/unikraft/lib/uklcpu/arch/x86_64/include/uk/lcpu/arch/except.h:34:1: error: attribute(target("general-regs-only")) is unknown"
level=warning msg="   34 | {"
level=warning msg="      | ^"
level=warning msg="/home/jerrytsai/unikraft/lib/uklcpu/arch/x86_64/include/uk/lcpu/arch/except.h:42:1: error: attribute(target("general-regs-only")) is unknown"
level=warning msg="   42 | {"
level=warning msg="      | ^"
level=warning msg="/home/jerrytsai/unikraft/lib/uklcpu/arch/x86_64/include/uk/lcpu/arch/except.h:50:1: error: attribute(target("general-regs-only")) is unknown"
level=warning msg="   50 | {"
level=warning msg="      | ^"
level=warning msg="In file included from /home/jerrytsai/unikraft/lib/uklcpu/include/uk/lcpu.h:20,"
level=warning msg="                 from /home/jerrytsai/unikraft/lib/ukdebug/include/uk/assert.h:39,"
level=warning msg="                 from /home/jerrytsai/unikraft/lib/ukalloc/include/uk/alloc.h:40,"
level=warning msg="                 from /home/jerrytsai/unikraft/include/uk/plat/memory.h:39,"
level=warning msg="                 from /home/jerrytsai/unikraft/plat/common/include/uk/plat/common/bootinfo.h:12,"
level=warning msg="                 from /home/jerrytsai/unikraft/plat/common/bootinfo.c:8:"
level=warning msg="/home/jerrytsai/unikraft/lib/uklcpu/include/uk/lcpu/except.h:43:1: error: attribute(target("general-regs-only")) is unknown"
level=warning msg="   43 | {"
level=warning msg="      | ^"
level=warning msg="/home/jerrytsai/unikraft/lib/uklcpu/include/uk/lcpu/except.h:51:1: error: attribute(target("general-regs-only")) is unknown"
level=warning msg="   51 | {"
level=warning msg="      | ^"
level=warning msg="/home/jerrytsai/unikraft/lib/uklcpu/include/uk/lcpu/except.h:58:1: error: attribute(target("general-regs-only")) is unknown"
level=warning msg="   58 | {"
level=warning msg="      | ^"
level=warning msg="/home/jerrytsai/unikraft/lib/uklcpu/include/uk/lcpu/except.h:66:1: error: attribute(target("general-regs-only")) is unknown"
level=warning msg="   66 | {"
level=warning msg="      | ^"
level=warning msg="/home/jerrytsai/unikraft/lib/uklcpu/include/uk/lcpu/except.h:73:1: error: attribute(target("general-regs-only")) is unknown"
level=warning msg="   73 | {"
level=warning msg="      | ^"
level=warning msg="/home/jerrytsai/unikraft/lib/uklcpu/include/uk/lcpu/except.h:81:1: error: attribute(target("general-regs-only")) is unknown"
level=warning msg="   81 | {"
level=warning msg="      | ^"
level=warning msg="/home/jerrytsai/unikraft/lib/uklcpu/include/uk/lcpu/except.h:88:1: error: attribute(target("general-regs-only")) is unknown"
level=warning msg="   88 | {"
level=warning msg="      | ^"
level=warning msg="/home/jerrytsai/unikraft/lib/uklcpu/include/uk/lcpu/except.h:96:1: error: attribute(target("general-regs-only")) is unknown"
level=warning msg="   96 | {"
level=warning msg="      | ^"
level=warning msg="/home/jerrytsai/unikraft/lib/uklcpu/include/uk/lcpu/except.h:106:1: error: attribute(target("general-regs-only")) is unknown"
level=warning msg="  106 | {"
level=warning msg="      | ^"
level=warning msg="/home/jerrytsai/unikraft/lib/uklcpu/include/uk/lcpu/except.h:114:1: error: attribute(target("general-regs-only")) is unknown"
level=warning msg="  114 | {"
level=warning msg="      | ^"
level=warning msg="/home/jerrytsai/unikraft/lib/uklcpu/include/uk/lcpu/except.h:122:1: error: attribute(target("general-regs-only")) is unknown"
level=warning msg="  122 | {"
level=warning msg="      | ^"
level=warning msg="/home/jerrytsai/unikraft/lib/uklcpu/include/uk/lcpu/except.h:130:1: error: attribute(target("general-regs-only")) is unknown"
level=warning msg="  130 | {"
level=warning msg="      | ^"
level=warning msg="/home/jerrytsai/unikraft/lib/uklcpu/include/uk/lcpu/except.h:135:1: error: attribute(target("general-regs-only")) is unknown"
level=warning msg="  135 | {"
level=warning msg="      | ^"
level=warning msg="/home/jerrytsai/unikraft/lib/uklcpu/include/uk/lcpu/except.h:140:1: error: attribute(target("general-regs-only")) is unknown"
level=warning msg="  140 | {"
level=warning msg="      | ^"
level=warning msg="/home/jerrytsai/unikraft/lib/uklcpu/include/uk/lcpu/except.h:145:1: error: attribute(target("general-regs-only")) is unknown"
level=warning msg="  145 | {"
level=warning msg="      | ^"
level=warning msg="/home/jerrytsai/unikraft/lib/uklcpu/include/uk/lcpu/except.h:150:1: error: attribute(target("general-regs-only")) is unknown"
level=warning msg="  150 | {"
level=warning msg="      | ^"
level=warning msg="/home/jerrytsai/unikraft/lib/uklcpu/include/uk/lcpu/except.h:155:1: error: attribute(target("general-regs-only")) is unknown"
level=warning msg="  155 | {"
level=warning msg="      | ^"
level=warning msg="/home/jerrytsai/unikraft/lib/uklcpu/include/uk/lcpu/except.h:165:1: error: attribute(target("general-regs-only")) is unknown"
level=warning msg="  165 | {"
level=warning msg="      | ^"
level=warning msg="/home/jerrytsai/unikraft/lib/uklcpu/include/uk/lcpu/except.h:170:1: error: attribute(target("general-regs-only")) is unknown"
level=warning msg="  170 | {"
level=warning msg="      | ^"
level=warning msg="In file included from /home/jerrytsai/unikraft/lib/uklcpu/include/uk/lcpu/regs.h:11,"
level=warning msg="                 from /home/jerrytsai/unikraft/lib/uklcpu/include/uk/lcpu.h:22,"
level=warning msg="                 from /home/jerrytsai/unikraft/lib/ukdebug/include/uk/assert.h:39,"
level=warning msg="                 from /home/jerrytsai/unikraft/lib/ukalloc/include/uk/alloc.h:40,"
level=warning msg="                 from /home/jerrytsai/unikraft/include/uk/plat/memory.h:39,"
level=warning msg="                 from /home/jerrytsai/unikraft/plat/common/include/uk/plat/common/bootinfo.h:12,"
level=warning msg="                 from /home/jerrytsai/unikraft/plat/common/bootinfo.c:8:"
level=warning msg="/home/jerrytsai/unikraft/plat/native/pal/include/uk/plat/pal/regs.h:30:1: error: attribute(target("general-regs-only")) is unknown"
level=warning msg="   30 | {"
level=warning msg="      | ^"
level=warning msg="/home/jerrytsai/unikraft/plat/native/pal/include/uk/plat/pal/regs.h:37:1: error: attribute(target("general-regs-only")) is unknown"
level=warning msg="   37 | {"
level=warning msg="      | ^"
level=warning msg="In file included from /home/jerrytsai/unikraft/lib/uklcpu/include/uk/lcpu/regs.h:12,"
level=warning msg="                 from /home/jerrytsai/unikraft/lib/uklcpu/include/uk/lcpu.h:22,"
level=warning msg="                 from /home/jerrytsai/unikraft/lib/ukdebug/include/uk/assert.h:39,"
level=warning msg="                 from /home/jerrytsai/unikraft/lib/ukalloc/include/uk/alloc.h:40,"
level=warning msg="                 from /home/jerrytsai/unikraft/include/uk/plat/memory.h:39,"
level=warning msg="                 from /home/jerrytsai/unikraft/plat/common/include/uk/plat/common/bootinfo.h:12,"
level=warning msg="                 from /home/jerrytsai/unikraft/plat/common/bootinfo.c:8:"
level=warning msg="/home/jerrytsai/unikraft/lib/ukpal/include/uk/pal/regs.h:63:42: error: attribute(target("general-regs-only")) is unknown"
level=warning msg="   63 | __isr __u64 uk_pal_regs_get(const struct uk_pal_regs *regs, __sz offset);"
level=warning msg="      |                                          ^~~~~~~~~~~"
level=warning msg="/home/jerrytsai/unikraft/lib/ukpal/include/uk/pal/regs.h:72:35: error: attribute(target("general-regs-only")) is unknown"
level=warning msg="   72 | __isr void uk_pal_regs_set(struct uk_pal_regs *regs, __sz offset, __u64 val);"
level=warning msg="      |                                   ^~~~~~~~~~~"
level=warning msg="In file included from /home/jerrytsai/unikraft/plat/native/pal/include/uk/plat/pal/sysctx.h:11,"
level=warning msg="                 from /home/jerrytsai/unikraft/lib/uklcpu/include/uk/lcpu/sysctx.h:11,"
level=warning msg="                 from /home/jerrytsai/unikraft/lib/uklcpu/include/uk/lcpu.h:24,"
level=warning msg="                 from /home/jerrytsai/unikraft/lib/ukdebug/include/uk/assert.h:39,"
level=warning msg="                 from /home/jerrytsai/unikraft/lib/ukalloc/include/uk/alloc.h:40,"
level=warning msg="                 from /home/jerrytsai/unikraft/include/uk/plat/memory.h:39,"
level=warning msg="                 from /home/jerrytsai/unikraft/plat/common/include/uk/plat/common/bootinfo.h:12,"
level=warning msg="                 from /home/jerrytsai/unikraft/plat/common/bootinfo.c:8:"
level=warning msg="/home/jerrytsai/unikraft/plat/native/arch/x86_64/include/uk/plat/native/arch/sysctx.h:91:1: error: attribute(target("general-regs-only")) is unknown"
level=warning msg="   91 | {"
level=warning msg="      | ^"
level=warning msg="/home/jerrytsai/unikraft/plat/native/arch/x86_64/include/uk/plat/native/arch/sysctx.h:106:1: error: attribute(target("general-regs-only")) is unknown"
level=warning msg="  106 | {"
level=warning msg="      | ^"
level=warning msg="/home/jerrytsai/unikraft/plat/native/arch/x86_64/include/uk/plat/native/arch/sysctx.h:129:1: error: attribute(target("general-regs-only")) is unknown"
level=warning msg="  129 | {"
level=warning msg="      | ^"
level=warning msg="/home/jerrytsai/unikraft/plat/native/arch/x86_64/include/uk/plat/native/arch/sysctx.h:140:1: error: attribute(target("general-regs-only")) is unknown"
level=warning msg="  140 | {"
level=warning msg="      | ^"
level=warning msg="/home/jerrytsai/unikraft/plat/native/arch/x86_64/include/uk/plat/native/arch/sysctx.h:151:47: error: attribute(target("general-regs-only")) is unknown"
level=warning msg="  151 | __isr void uk_plat_native_sysctx_store(struct uk_plat_native_sysctx *sysctx);"
level=warning msg="      |                                               ^~~~~~~~~~~~~~~~~~~~~"
level=warning msg="/home/jerrytsai/unikraft/plat/native/arch/x86_64/include/uk/plat/native/arch/sysctx.h:160:46: error: attribute(target("general-regs-only")) is unknown"
level=warning msg="  160 | __isr void uk_plat_native_sysctx_load(struct uk_plat_native_sysctx *sysctx);"
level=warning msg="      |                                              ^~~~~~~~~~~~~~~~~~~~~"
level=warning msg="In file included from /home/jerrytsai/unikraft/lib/uklcpu/include/uk/lcpu/sysctx.h:11,"
level=warning msg="                 from /home/jerrytsai/unikraft/lib/uklcpu/include/uk/lcpu.h:24,"
level=warning msg="                 from /home/jerrytsai/unikraft/lib/ukdebug/include/uk/assert.h:39,"
level=warning msg="                 from /home/jerrytsai/unikraft/lib/ukalloc/include/uk/alloc.h:40,"
level=warning msg="                 from /home/jerrytsai/unikraft/include/uk/plat/memory.h:39,"
level=warning msg="                 from /home/jerrytsai/unikraft/plat/common/include/uk/plat/common/bootinfo.h:12,"
level=warning msg="                 from /home/jerrytsai/unikraft/plat/common/bootinfo.c:8:"
level=warning msg="/home/jerrytsai/unikraft/plat/native/pal/include/uk/plat/pal/sysctx.h:33:1: error: attribute(target("general-regs-only")) is unknown"
level=warning msg="   33 | {"
level=warning msg="      | ^"
level=warning msg="/home/jerrytsai/unikraft/plat/native/pal/include/uk/plat/pal/sysctx.h:41:1: error: attribute(target("general-regs-only")) is unknown"
level=warning msg="   41 | {"
level=warning msg="      | ^"
level=warning msg="/home/jerrytsai/unikraft/plat/native/pal/include/uk/plat/pal/sysctx.h:47:1: error: attribute(target("general-regs-only")) is unknown"
level=warning msg="   47 | {"
level=warning msg="      | ^"
level=warning msg="/home/jerrytsai/unikraft/plat/native/pal/include/uk/plat/pal/sysctx.h:52:1: error: attribute(target("general-regs-only")) is unknown"
level=warning msg="   52 | {"
level=warning msg="      | ^"
level=warning msg="/home/jerrytsai/unikraft/plat/native/pal/include/uk/plat/pal/sysctx.h:57:1: error: attribute(target("general-regs-only")) is unknown"
level=warning msg="   57 | {"
level=warning msg="      | ^"
level=warning msg="/home/jerrytsai/unikraft/plat/native/pal/include/uk/plat/pal/sysctx.h:62:1: error: attribute(target("general-regs-only")) is unknown"
level=warning msg="   62 | {"
level=warning msg="      | ^"
level=warning msg="In file included from /home/jerrytsai/unikraft/lib/uklcpu/include/uk/lcpu/sysctx.h:12,"
level=warning msg="                 from /home/jerrytsai/unikraft/lib/uklcpu/include/uk/lcpu.h:24,"
level=warning msg="                 from /home/jerrytsai/unikraft/lib/ukdebug/include/uk/assert.h:39,"
level=warning msg="                 from /home/jerrytsai/unikraft/lib/ukalloc/include/uk/alloc.h:40,"
level=warning msg="                 from /home/jerrytsai/unikraft/include/uk/plat/memory.h:39,"
level=warning msg="                 from /home/jerrytsai/unikraft/plat/common/include/uk/plat/common/bootinfo.h:12,"
level=warning msg="                 from /home/jerrytsai/unikraft/plat/common/bootinfo.c:8:"
level=warning msg="/home/jerrytsai/unikraft/lib/ukpal/include/uk/pal/sysctx.h:60:44: error: attribute(target("general-regs-only")) is unknown"
level=warning msg="   60 | __isr __u64 uk_pal_sysctx_get(const struct uk_pal_sysctx *sc, __sz offset);"
level=warning msg="      |                                            ^~~~~~~~~~~~~"
level=warning msg="/home/jerrytsai/unikraft/lib/ukpal/include/uk/pal/sysctx.h:69:37: error: attribute(target("general-regs-only")) is unknown"
level=warning msg="   69 | __isr void uk_pal_sysctx_set(struct uk_pal_sysctx *sc, __sz offset, __u64 val);"
level=warning msg="      |                                     ^~~~~~~~~~~~~"
level=warning msg="/home/jerrytsai/unikraft/lib/ukpal/include/uk/pal/sysctx.h:76:39: error: attribute(target("general-regs-only")) is unknown"
level=warning msg="   76 | __isr void uk_pal_sysctx_store(struct uk_pal_sysctx *sysctx);"
level=warning msg="      |                                       ^~~~~~~~~~~~~"
level=warning msg="/home/jerrytsai/unikraft/lib/ukpal/include/uk/pal/sysctx.h:83:38: error: attribute(target("general-regs-only")) is unknown"
level=warning msg="   83 | __isr void uk_pal_sysctx_load(struct uk_pal_sysctx *sysctx);"
level=warning msg="      |                                      ^~~~~~~~~~~~~"
level=warning msg="/home/jerrytsai/unikraft/lib/ukpal/include/uk/pal/sysctx.h:90:1: error: attribute(target("general-regs-only")) is unknown"
level=warning msg="   90 | __isr __uptr uk_pal_tlsp_get(void);"
level=warning msg="      | ^~~~~"
level=warning msg="/home/jerrytsai/unikraft/lib/ukpal/include/uk/pal/sysctx.h:97:1: error: attribute(target("general-regs-only")) is unknown"
level=warning msg="   97 | __isr void uk_pal_tlsp_set(__uptr tlsp);"
level=warning msg="      | ^~~~~"
level=warning msg="In file included from /home/jerrytsai/unikraft/lib/uklcpu/include/uk/lcpu.h:24,"
level=warning msg="                 from /home/jerrytsai/unikraft/lib/ukdebug/include/uk/assert.h:39,"
level=warning msg="                 from /home/jerrytsai/unikraft/lib/ukalloc/include/uk/alloc.h:40,"
level=warning msg="                 from /home/jerrytsai/unikraft/include/uk/plat/memory.h:39,"
level=warning msg="                 from /home/jerrytsai/unikraft/plat/common/include/uk/plat/common/bootinfo.h:12,"
level=warning msg="                 from /home/jerrytsai/unikraft/plat/common/bootinfo.c:8:"
level=warning msg="/home/jerrytsai/unikraft/lib/uklcpu/include/uk/lcpu/sysctx.h:33:1: error: attribute(target("general-regs-only")) is unknown"
level=warning msg="   33 | {"
level=warning msg="      | ^"
level=warning msg="/home/jerrytsai/unikraft/lib/uklcpu/include/uk/lcpu/sysctx.h:38:1: error: attribute(target("general-regs-only")) is unknown"
level=warning msg="   38 | {"
level=warning msg="      | ^"
level=warning msg="/home/jerrytsai/unikraft/lib/uklcpu/include/uk/lcpu/sysctx.h:43:1: error: attribute(target("general-regs-only")) is unknown"
level=warning msg="   43 | {"
level=warning msg="      | ^"
level=warning msg="/home/jerrytsai/unikraft/lib/uklcpu/include/uk/lcpu/sysctx.h:48:1: error: attribute(target("general-regs-only")) is unknown"
level=warning msg="   48 | {"
level=warning msg="      | ^"
level=warning msg="In file included from /home/jerrytsai/unikraft/lib/ukdebug/include/uk/assert.h:39,"
level=warning msg="                 from /home/jerrytsai/unikraft/lib/ukalloc/include/uk/alloc.h:40,"
level=warning msg="                 from /home/jerrytsai/unikraft/include/uk/plat/memory.h:39,"
level=warning msg="                 from /home/jerrytsai/unikraft/plat/common/include/uk/plat/common/bootinfo.h:12,"
level=warning msg="                 from /home/jerrytsai/unikraft/plat/common/bootinfo.c:8:"
level=warning msg="/home/jerrytsai/unikraft/lib/uklcpu/include/uk/lcpu.h:303:1: error: attribute(target("general-regs-only")) is unknown"
level=warning msg="  303 | __isr __u64 uk_lcpu_get_current_idx_in_except(void);"
level=warning msg="      | ^~~~~"
level=warning msg="In file included from /home/jerrytsai/unikraft/lib/ukdebug/include/uk/assert.h:44,"
level=warning msg="                 from /home/jerrytsai/unikraft/lib/ukalloc/include/uk/alloc.h:40,"
level=warning msg="                 from /home/jerrytsai/unikraft/include/uk/plat/memory.h:39,"
level=warning msg="                 from /home/jerrytsai/unikraft/plat/common/include/uk/plat/common/bootinfo.h:12,"
level=warning msg="                 from /home/jerrytsai/unikraft/plat/common/bootinfo.c:8:"
level=warning msg="/home/jerrytsai/unikraft/lib/ukprint/include/uk/print.h:67:7: error: attribute(target("general-regs-only")) is unknown"
level=warning msg="   67 |       unsigned int srcline, const char *fmt, va_list ap);"
level=warning msg="      |       ^~~~~~~~"
level=warning msg="/home/jerrytsai/unikraft/lib/ukprint/include/uk/print.h:70:6: error: attribute(target("general-regs-only")) is unknown"
level=warning msg="   70 |      const char *fmt, ...) __printf(5, 6);"
level=warning msg="      |      ^~~~~"
level=warning msg="make[3]: *** [/home/jerrytsai/unikraft/support/build/Makefile.build:49: /home/jerrytsai/vm-final-project/.unikraft/build/libkvmplat/bootinfo.common.o] Error 1"
level=info msg="  CC      libkvmplat: memory.common.o"
level=warning msg="In file included from /home/jerrytsai/unikraft/plat/native/pal/include/uk/plat/pal/ectx.h:11,"
level=warning msg="                 from /home/jerrytsai/unikraft/lib/uklcpu/include/uk/lcpu/ectx.h:11,"
level=warning msg="                 from /home/jerrytsai/unikraft/lib/uklcpu/include/uk/lcpu.h:19,"
level=warning msg="                 from /home/jerrytsai/unikraft/lib/ukdebug/include/uk/assert.h:39,"
level=warning msg="                 from /home/jerrytsai/unikraft/lib/ukalloc/include/uk/alloc.h:40,"
level=warning msg="                 from /home/jerrytsai/unikraft/include/uk/plat/memory.h:39,"
level=warning msg="                 from /home/jerrytsai/unikraft/plat/common/include/uk/plat/common/bootinfo.h:12,"
level=warning msg="                 from /home/jerrytsai/unikraft/plat/common/memory.c:37:"
level=warning msg="/home/jerrytsai/unikraft/plat/native/arch/x86_64/include/uk/plat/native/arch/ectx.h:70:48: error: attribute(target("general-regs-only")) is unknown"
level=warning msg="   70 | __isr void uk_plat_native_ectx_sanitize(struct uk_plat_native_ectx *state);"
level=warning msg="      |                                                ^~~~~~~~~~~~~~~~~~~"
level=warning msg="/home/jerrytsai/unikraft/plat/native/arch/x86_64/include/uk/plat/native/arch/ectx.h:79:45: error: attribute(target("general-regs-only")) is unknown"
level=warning msg="   79 | __isr void uk_plat_native_ectx_store(struct uk_plat_native_ectx *state);"
level=warning msg="      |                                             ^~~~~~~~~~~~~~~~~~~"
level=warning msg="/home/jerrytsai/unikraft/plat/native/arch/x86_64/include/uk/plat/native/arch/ectx.h:90:44: error: attribute(target("general-regs-only")) is unknown"
level=warning msg="   90 | __isr void uk_plat_native_ectx_load(struct uk_plat_native_ectx *state);"
level=warning msg="      |                                            ^~~~~~~~~~~~~~~~~~~"
level=warning msg="/home/jerrytsai/unikraft/plat/native/arch/x86_64/include/uk/plat/native/arch/ectx.h:99:44: error: attribute(target("general-regs-only")) is unknown"
level=warning msg="   99 | __isr void uk_plat_native_ectx_init(struct uk_plat_native_ectx *state);"
level=warning msg="      |                                            ^~~~~~~~~~~~~~~~~~~"
level=warning msg="/home/jerrytsai/unikraft/plat/native/arch/x86_64/include/uk/plat/native/arch/ectx.h:110:52: error: attribute(target("general-regs-only")) is unknown"
level=warning msg="  110 | __isr void uk_plat_native_ectx_assert_equal(struct uk_plat_native_ectx *state);"
level=warning msg="      |                                                    ^~~~~~~~~~~~~~~~~~~"
level=warning msg="In file included from /home/jerrytsai/unikraft/lib/uklcpu/include/uk/lcpu/ectx.h:11,"
level=warning msg="                 from /home/jerrytsai/unikraft/lib/uklcpu/include/uk/lcpu.h:19,"
level=warning msg="                 from /home/jerrytsai/unikraft/lib/ukdebug/include/uk/assert.h:39,"
level=warning msg="                 from /home/jerrytsai/unikraft/lib/ukalloc/include/uk/alloc.h:40,"
level=warning msg="                 from /home/jerrytsai/unikraft/include/uk/plat/memory.h:39,"
level=warning msg="                 from /home/jerrytsai/unikraft/plat/common/include/uk/plat/common/bootinfo.h:12,"
level=warning msg="                 from /home/jerrytsai/unikraft/plat/common/memory.c:37:"
level=warning msg="/home/jerrytsai/unikraft/plat/native/pal/include/uk/plat/pal/ectx.h:29:1: error: attribute(target("general-regs-only")) is unknown"
level=warning msg="   29 | {"
level=warning msg="      | ^"
level=warning msg="/home/jerrytsai/unikraft/plat/native/pal/include/uk/plat/pal/ectx.h:34:1: error: attribute(target("general-regs-only")) is unknown"
level=warning msg="   34 | {"
level=warning msg="      | ^"
level=warning msg="/home/jerrytsai/unikraft/plat/native/pal/include/uk/plat/pal/ectx.h:39:1: error: attribute(target("general-regs-only")) is unknown"
level=warning msg="   39 | {"
level=warning msg="      | ^"
level=warning msg="/home/jerrytsai/unikraft/plat/native/pal/include/uk/plat/pal/ectx.h:44:1: error: attribute(target("general-regs-only")) is unknown"
level=warning msg="   44 | {"
level=warning msg="      | ^"
level=warning msg="/home/jerrytsai/unikraft/plat/native/pal/include/uk/plat/pal/ectx.h:49:1: error: attribute(target("general-regs-only")) is unknown"
level=warning msg="   49 | {"
level=warning msg="      | ^"
level=warning msg="In file included from /home/jerrytsai/unikraft/lib/uklcpu/include/uk/lcpu/ectx.h:12,"
level=warning msg="                 from /home/jerrytsai/unikraft/lib/uklcpu/include/uk/lcpu.h:19,"
level=warning msg="                 from /home/jerrytsai/unikraft/lib/ukdebug/include/uk/assert.h:39,"
level=warning msg="                 from /home/jerrytsai/unikraft/lib/ukalloc/include/uk/alloc.h:40,"
level=warning msg="                 from /home/jerrytsai/unikraft/include/uk/plat/memory.h:39,"
level=warning msg="                 from /home/jerrytsai/unikraft/plat/common/include/uk/plat/common/bootinfo.h:12,"
level=warning msg="                 from /home/jerrytsai/unikraft/plat/common/memory.c:37:"
level=warning msg="/home/jerrytsai/unikraft/lib/ukpal/include/uk/pal/ectx.h:63:40: error: attribute(target("general-regs-only")) is unknown"
level=warning msg="   63 | __isr void uk_pal_ectx_sanitize(struct uk_pal_ectx *state);"
level=warning msg="      |                                        ^~~~~~~~~~~"
level=warning msg="/home/jerrytsai/unikraft/lib/ukpal/include/uk/pal/ectx.h:79:37: error: attribute(target("general-regs-only")) is unknown"
level=warning msg="   79 | __isr void uk_pal_ectx_store(struct uk_pal_ectx *state);"
level=warning msg="      |                                     ^~~~~~~~~~~"
level=warning msg="/home/jerrytsai/unikraft/lib/ukpal/include/uk/pal/ectx.h:87:36: error: attribute(target("general-regs-only")) is unknown"
level=warning msg="   87 | __isr void uk_pal_ectx_load(struct uk_pal_ectx *state);"
level=warning msg="      |                                    ^~~~~~~~~~~"
level=warning msg="/home/jerrytsai/unikraft/lib/ukpal/include/uk/pal/ectx.h:96:44: error: attribute(target("general-regs-only")) is unknown"
level=warning msg="   96 | __isr void uk_pal_ectx_assert_equal(struct uk_pal_ectx *state);"
level=warning msg="      |                                            ^~~~~~~~~~~"
level=warning msg="In file included from /home/jerrytsai/unikraft/lib/uklcpu/include/uk/lcpu.h:19,"
level=warning msg="                 from /home/jerrytsai/unikraft/lib/ukdebug/include/uk/assert.h:39,"
level=warning msg="                 from /home/jerrytsai/unikraft/lib/ukalloc/include/uk/alloc.h:40,"
level=warning msg="                 from /home/jerrytsai/unikraft/include/uk/plat/memory.h:39,"
level=warning msg="                 from /home/jerrytsai/unikraft/plat/common/include/uk/plat/common/bootinfo.h:12,"
level=warning msg="                 from /home/jerrytsai/unikraft/plat/common/memory.c:37:"
level=warning msg="/home/jerrytsai/unikraft/lib/uklcpu/include/uk/lcpu/ectx.h:34:1: error: attribute(target("general-regs-only")) is unknown"
level=warning msg="   34 | {"
level=warning msg="      | ^"
level=warning msg="/home/jerrytsai/unikraft/lib/uklcpu/include/uk/lcpu/ectx.h:39:1: error: attribute(target("general-regs-only")) is unknown"
level=warning msg="   39 | {"
level=warning msg="      | ^"
level=warning msg="/home/jerrytsai/unikraft/lib/uklcpu/include/uk/lcpu/ectx.h:44:1: error: attribute(target("general-regs-only")) is unknown"
level=warning msg="   44 | {"
level=warning msg="      | ^"
level=warning msg="/home/jerrytsai/unikraft/lib/uklcpu/include/uk/lcpu/ectx.h:49:1: error: attribute(target("general-regs-only")) is unknown"
level=warning msg="   49 | {"
level=warning msg="      | ^"
level=warning msg="/home/jerrytsai/unikraft/lib/uklcpu/include/uk/lcpu/ectx.h:54:1: error: attribute(target("general-regs-only")) is unknown"
level=warning msg="   54 | {"
level=warning msg="      | ^"
level=warning msg="In file included from /home/jerrytsai/unikraft/plat/native/arch/x86_64/include/uk/plat/native/arch/except.h:14,"
level=warning msg="                 from /home/jerrytsai/unikraft/plat/native/pal/include/uk/plat/pal/except.h:11,"
level=warning msg="                 from /home/jerrytsai/unikraft/lib/uklcpu/include/uk/lcpu/except.h:11,"
level=warning msg="                 from /home/jerrytsai/unikraft/lib/uklcpu/include/uk/lcpu.h:20,"
level=warning msg="                 from /home/jerrytsai/unikraft/lib/ukdebug/include/uk/assert.h:39,"
level=warning msg="                 from /home/jerrytsai/unikraft/lib/ukalloc/include/uk/alloc.h:40,"
level=warning msg="                 from /home/jerrytsai/unikraft/include/uk/plat/memory.h:39,"
level=warning msg="                 from /home/jerrytsai/unikraft/plat/common/include/uk/plat/common/bootinfo.h:12,"
level=warning msg="                 from /home/jerrytsai/unikraft/plat/common/memory.c:37:"
level=warning msg="/home/jerrytsai/unikraft/plat/native/arch/x86_64/include/uk/plat/native/arch/regs.h:187:1: error: attribute(target("general-regs-only")) is unknown"
level=warning msg="  187 | {"
level=warning msg="      | ^"
level=warning msg="/home/jerrytsai/unikraft/plat/native/arch/x86_64/include/uk/plat/native/arch/regs.h:203:1: error: attribute(target("general-regs-only")) is unknown"
level=warning msg="  203 | {"
level=warning msg="      | ^"
level=warning msg="In file included from /home/jerrytsai/unikraft/plat/native/pal/include/uk/plat/pal/except.h:11,"
level=warning msg="                 from /home/jerrytsai/unikraft/lib/uklcpu/include/uk/lcpu/except.h:11,"
level=warning msg="                 from /home/jerrytsai/unikraft/lib/uklcpu/include/uk/lcpu.h:20,"
level=warning msg="                 from /home/jerrytsai/unikraft/lib/ukdebug/include/uk/assert.h:39,"
level=warning msg="                 from /home/jerrytsai/unikraft/lib/ukalloc/include/uk/alloc.h:40,"
level=warning msg="                 from /home/jerrytsai/unikraft/include/uk/plat/memory.h:39,"
level=warning msg="                 from /home/jerrytsai/unikraft/plat/common/include/uk/plat/common/bootinfo.h:12,"
level=warning msg="                 from /home/jerrytsai/unikraft/plat/common/memory.c:37:"
level=warning msg="/home/jerrytsai/unikraft/plat/native/arch/x86_64/include/uk/plat/native/arch/except.h:68:1: error: attribute(target("general-regs-only")) is unknown"
level=warning msg="   68 | {"
level=warning msg="      | ^"
level=warning msg="/home/jerrytsai/unikraft/plat/native/arch/x86_64/include/uk/plat/native/arch/except.h:76:1: error: attribute(target("general-regs-only")) is unknown"
level=warning msg="   76 | {"
level=warning msg="      | ^"
level=warning msg="/home/jerrytsai/unikraft/plat/native/arch/x86_64/include/uk/plat/native/arch/except.h:83:1: error: attribute(target("general-regs-only")) is unknown"
level=warning msg="   83 | {"
level=warning msg="      | ^"
level=warning msg="/home/jerrytsai/unikraft/plat/native/arch/x86_64/include/uk/plat/native/arch/except.h:91:1: error: attribute(target("general-regs-only")) is unknown"
level=warning msg="   91 | {"
level=warning msg="      | ^"
level=warning msg="/home/jerrytsai/unikraft/plat/native/arch/x86_64/include/uk/plat/native/arch/except.h:98:1: error: attribute(target("general-regs-only")) is unknown"
level=warning msg="   98 | {"
level=warning msg="      | ^"
level=warning msg="/home/jerrytsai/unikraft/plat/native/arch/x86_64/include/uk/plat/native/arch/except.h:106:1: error: attribute(target("general-regs-only")) is unknown"
level=warning msg="  106 | {"
level=warning msg="      | ^"
level=warning msg="/home/jerrytsai/unikraft/plat/native/arch/x86_64/include/uk/plat/native/arch/except.h:113:1: error: attribute(target("general-regs-only")) is unknown"
level=warning msg="  113 | {"
level=warning msg="      | ^"
level=warning msg="/home/jerrytsai/unikraft/plat/native/arch/x86_64/include/uk/plat/native/arch/except.h:121:1: error: attribute(target("general-regs-only")) is unknown"
level=warning msg="  121 | {"
level=warning msg="      | ^"
level=warning msg="/home/jerrytsai/unikraft/plat/native/arch/x86_64/include/uk/plat/native/arch/except.h:128:1: error: attribute(target("general-regs-only")) is unknown"
level=warning msg="  128 | {"
level=warning msg="      | ^"
level=warning msg="/home/jerrytsai/unikraft/plat/native/arch/x86_64/include/uk/plat/native/arch/except.h:136:1: error: attribute(target("general-regs-only")) is unknown"
level=warning msg="  136 | {"
level=warning msg="      | ^"
level=warning msg="/home/jerrytsai/unikraft/plat/native/arch/x86_64/include/uk/plat/native/arch/except.h:143:1: error: attribute(target("general-regs-only")) is unknown"
level=warning msg="  143 | {"
level=warning msg="      | ^"
level=warning msg="/home/jerrytsai/unikraft/plat/native/arch/x86_64/include/uk/plat/native/arch/except.h:151:1: error: attribute(target("general-regs-only")) is unknown"
level=warning msg="  151 | {"
level=warning msg="      | ^"
level=warning msg="/home/jerrytsai/unikraft/plat/native/arch/x86_64/include/uk/plat/native/arch/except.h:170:1: error: attribute(target("general-regs-only")) is unknown"
level=warning msg="  170 | {"
level=warning msg="      | ^"
level=warning msg="/home/jerrytsai/unikraft/plat/native/arch/x86_64/include/uk/plat/native/arch/except.h:178:1: error: attribute(target("general-regs-only")) is unknown"
level=warning msg="  178 | {"
level=warning msg="      | ^"
level=warning msg="/home/jerrytsai/unikraft/plat/native/arch/x86_64/include/uk/plat/native/arch/except.h:185:1: error: attribute(target("general-regs-only")) is unknown"
level=warning msg="  185 | {"
level=warning msg="      | ^"
level=warning msg="/home/jerrytsai/unikraft/plat/native/arch/x86_64/include/uk/plat/native/arch/except.h:193:1: error: attribute(target("general-regs-only")) is unknown"
level=warning msg="  193 | {"
level=warning msg="      | ^"
level=warning msg="/home/jerrytsai/unikraft/plat/native/arch/x86_64/include/uk/plat/native/arch/except.h:203:1: error: attribute(target("general-regs-only")) is unknown"
level=warning msg="  203 | __isr int uk_plat_native_except_init(void);"
level=warning msg="      | ^~~~~"
level=warning msg="/home/jerrytsai/unikraft/plat/native/arch/x86_64/include/uk/plat/native/arch/except.h:210:1: error: attribute(target("general-regs-only")) is unknown"
level=warning msg="  210 | {"
level=warning msg="      | ^"
level=warning msg="/home/jerrytsai/unikraft/plat/native/arch/x86_64/include/uk/plat/native/arch/except.h:220:1: error: attribute(target("general-regs-only")) is unknown"
level=warning msg="  220 | {"
level=warning msg="      | ^"
level=warning msg="/home/jerrytsai/unikraft/plat/native/arch/x86_64/include/uk/plat/native/arch/except.h:232:1: error: attribute(target("general-regs-only")) is unknown"
level=warning msg="  232 | {"
level=warning msg="      | ^"
level=warning msg="/home/jerrytsai/unikraft/plat/native/arch/x86_64/include/uk/plat/native/arch/except.h:248:1: error: attribute(target("general-regs-only")) is unknown"
level=warning msg="  248 | {"
level=warning msg="      | ^"
level=warning msg="/home/jerrytsai/unikraft/plat/native/arch/x86_64/include/uk/plat/native/arch/except.h:261:1: error: attribute(target("general-regs-only")) is unknown"
level=warning msg="  261 | {"
level=warning msg="      | ^"
level=warning msg="/home/jerrytsai/unikraft/plat/native/arch/x86_64/include/uk/plat/native/arch/except.h:277:1: error: attribute(target("general-regs-only")) is unknown"
level=warning msg="  277 | __isr __uptr uk_plat_native_except_get_except_stack_base(void);"
level=warning msg="      | ^~~~~"
level=warning msg="/home/jerrytsai/unikraft/plat/native/arch/x86_64/include/uk/plat/native/arch/except.h:284:1: error: attribute(target("general-regs-only")) is unknown"
level=warning msg="  284 | __isr void uk_plat_native_except_push_nested(void);"
level=warning msg="      | ^~~~~"
level=warning msg="/home/jerrytsai/unikraft/plat/native/arch/x86_64/include/uk/plat/native/arch/except.h:291:1: error: attribute(target("general-regs-only")) is unknown"
level=warning msg="  291 | __isr void uk_plat_native_except_pop_nested(void);"
level=warning msg="      | ^~~~~"
level=warning msg="In file included from /home/jerrytsai/unikraft/plat/native/pal/include/uk/plat/pal/except.h:12,"
level=warning msg="                 from /home/jerrytsai/unikraft/lib/uklcpu/include/uk/lcpu/except.h:11,"
level=warning msg="                 from /home/jerrytsai/unikraft/lib/uklcpu/include/uk/lcpu.h:20,"
level=warning msg="                 from /home/jerrytsai/unikraft/lib/ukdebug/include/uk/assert.h:39,"
level=warning msg="                 from /home/jerrytsai/unikraft/lib/ukalloc/include/uk/alloc.h:40,"
level=warning msg="                 from /home/jerrytsai/unikraft/include/uk/plat/memory.h:39,"
level=warning msg="                 from /home/jerrytsai/unikraft/plat/common/include/uk/plat/common/bootinfo.h:12,"
level=warning msg="                 from /home/jerrytsai/unikraft/plat/common/memory.c:37:"
level=warning msg="/home/jerrytsai/unikraft/plat/native/pal/arch/x86_64/include/uk/plat/pal/arch/except.h:25:1: error: attribute(target("general-regs-only")) is unknown"
level=warning msg="   25 | {"
level=warning msg="      | ^"
level=warning msg="/home/jerrytsai/unikraft/plat/native/pal/arch/x86_64/include/uk/plat/pal/arch/except.h:33:1: error: attribute(target("general-regs-only")) is unknown"
level=warning msg="   33 | {"
level=warning msg="      | ^"
level=warning msg="/home/jerrytsai/unikraft/plat/native/pal/arch/x86_64/include/uk/plat/pal/arch/except.h:41:1: error: attribute(target("general-regs-only")) is unknown"
level=warning msg="   41 | {"
level=warning msg="      | ^"
level=warning msg="/home/jerrytsai/unikraft/plat/native/pal/arch/x86_64/include/uk/plat/pal/arch/except.h:49:1: error: attribute(target("general-regs-only")) is unknown"
level=warning msg="   49 | {"
level=warning msg="      | ^"
level=warning msg="In file included from /home/jerrytsai/unikraft/lib/uklcpu/include/uk/lcpu/except.h:11,"
level=warning msg="                 from /home/jerrytsai/unikraft/lib/uklcpu/include/uk/lcpu.h:20,"
level=warning msg="                 from /home/jerrytsai/unikraft/lib/ukdebug/include/uk/assert.h:39,"
level=warning msg="                 from /home/jerrytsai/unikraft/lib/ukalloc/include/uk/alloc.h:40,"
level=warning msg="                 from /home/jerrytsai/unikraft/include/uk/plat/memory.h:39,"
level=warning msg="                 from /home/jerrytsai/unikraft/plat/common/include/uk/plat/common/bootinfo.h:12,"
level=warning msg="                 from /home/jerrytsai/unikraft/plat/common/memory.c:37:"
level=warning msg="/home/jerrytsai/unikraft/plat/native/pal/include/uk/plat/pal/except.h:42:1: error: attribute(target("general-regs-only")) is unknown"
level=warning msg="   42 | {"
level=warning msg="      | ^"
level=warning msg="/home/jerrytsai/unikraft/plat/native/pal/include/uk/plat/pal/except.h:50:1: error: attribute(target("general-regs-only")) is unknown"
level=warning msg="   50 | {"
level=warning msg="      | ^"
level=warning msg="/home/jerrytsai/unikraft/plat/native/pal/include/uk/plat/pal/except.h:57:1: error: attribute(target("general-regs-only")) is unknown"
level=warning msg="   57 | {"
level=warning msg="      | ^"
level=warning msg="/home/jerrytsai/unikraft/plat/native/pal/include/uk/plat/pal/except.h:65:1: error: attribute(target("general-regs-only")) is unknown"
level=warning msg="   65 | {"
level=warning msg="      | ^"
level=warning msg="/home/jerrytsai/unikraft/plat/native/pal/include/uk/plat/pal/except.h:72:1: error: attribute(target("general-regs-only")) is unknown"
level=warning msg="   72 | {"
level=warning msg="      | ^"
level=warning msg="/home/jerrytsai/unikraft/plat/native/pal/include/uk/plat/pal/except.h:80:1: error: attribute(target("general-regs-only")) is unknown"
level=warning msg="   80 | {"
level=warning msg="      | ^"
level=warning msg="/home/jerrytsai/unikraft/plat/native/pal/include/uk/plat/pal/except.h:88:1: error: attribute(target("general-regs-only")) is unknown"
level=warning msg="   88 | {"
level=warning msg="      | ^"
level=warning msg="/home/jerrytsai/unikraft/plat/native/pal/include/uk/plat/pal/except.h:96:1: error: attribute(target("general-regs-only")) is unknown"
level=warning msg="   96 | {"
level=warning msg="      | ^"
level=warning msg="/home/jerrytsai/unikraft/plat/native/pal/include/uk/plat/pal/except.h:105:1: error: attribute(target("general-regs-only")) is unknown"
level=warning msg="  105 | {"
level=warning msg="      | ^"
level=warning msg="/home/jerrytsai/unikraft/plat/native/pal/include/uk/plat/pal/except.h:113:1: error: attribute(target("general-regs-only")) is unknown"
level=warning msg="  113 | {"
level=warning msg="      | ^"
level=warning msg="/home/jerrytsai/unikraft/plat/native/pal/include/uk/plat/pal/except.h:121:1: error: attribute(target("general-regs-only")) is unknown"
level=warning msg="  121 | {"
level=warning msg="      | ^"
level=warning msg="/home/jerrytsai/unikraft/plat/native/pal/include/uk/plat/pal/except.h:129:1: error: attribute(target("general-regs-only")) is unknown"
level=warning msg="  129 | {"
level=warning msg="      | ^"
level=warning msg="/home/jerrytsai/unikraft/plat/native/pal/include/uk/plat/pal/except.h:135:1: error: attribute(target("general-regs-only")) is unknown"
level=warning msg="  135 | {"
level=warning msg="      | ^"
level=warning msg="/home/jerrytsai/unikraft/plat/native/pal/include/uk/plat/pal/except.h:140:1: error: attribute(target("general-regs-only")) is unknown"
level=warning msg="  140 | {"
level=warning msg="      | ^"
level=warning msg="/home/jerrytsai/unikraft/plat/native/pal/include/uk/plat/pal/except.h:145:1: error: attribute(target("general-regs-only")) is unknown"
level=warning msg="  145 | {"
level=warning msg="      | ^"
level=warning msg="/home/jerrytsai/unikraft/plat/native/pal/include/uk/plat/pal/except.h:150:1: error: attribute(target("general-regs-only")) is unknown"
level=warning msg="  150 | {"
level=warning msg="      | ^"
level=warning msg="/home/jerrytsai/unikraft/plat/native/pal/include/uk/plat/pal/except.h:155:1: error: attribute(target("general-regs-only")) is unknown"
level=warning msg="  155 | {"
level=warning msg="      | ^"
level=warning msg="/home/jerrytsai/unikraft/plat/native/pal/include/uk/plat/pal/except.h:165:1: error: attribute(target("general-regs-only")) is unknown"
level=warning msg="  165 | {"
level=warning msg="      | ^"
level=warning msg="/home/jerrytsai/unikraft/plat/native/pal/include/uk/plat/pal/except.h:170:1: error: attribute(target("general-regs-only")) is unknown"
level=warning msg="  170 | {"
level=warning msg="      | ^"
level=warning msg="/home/jerrytsai/unikraft/plat/native/pal/include/uk/plat/pal/except.h:175:1: error: attribute(target("general-regs-only")) is unknown"
level=warning msg="  175 | {"
level=warning msg="      | ^"
level=warning msg="/home/jerrytsai/unikraft/plat/native/pal/include/uk/plat/pal/except.h:180:1: error: attribute(target("general-regs-only")) is unknown"
level=warning msg="  180 | {"
level=warning msg="      | ^"
level=warning msg="In file included from /home/jerrytsai/unikraft/lib/ukpal/include/uk/pal/except.h:19,"
level=warning msg="                 from /home/jerrytsai/unikraft/lib/uklcpu/include/uk/lcpu/except.h:12,"
level=warning msg="                 from /home/jerrytsai/unikraft/lib/uklcpu/include/uk/lcpu.h:20,"
level=warning msg="                 from /home/jerrytsai/unikraft/lib/ukdebug/include/uk/assert.h:39,"
level=warning msg="                 from /home/jerrytsai/unikraft/lib/ukalloc/include/uk/alloc.h:40,"
level=warning msg="                 from /home/jerrytsai/unikraft/include/uk/plat/memory.h:39,"
level=warning msg="                 from /home/jerrytsai/unikraft/plat/common/include/uk/plat/common/bootinfo.h:12,"
level=warning msg="                 from /home/jerrytsai/unikraft/plat/common/memory.c:37:"
level=warning msg="/home/jerrytsai/unikraft/lib/ukpal/arch/x86_64/include/uk/pal/arch/except.h:25:15: error: attribute(target("general-regs-only")) is unknown"
level=warning msg="   25 |  const struct uk_pal_except_err_ctx *ctx);"
level=warning msg="      |               ^~~~~~~~~~~~~~~~~~~~~"
level=warning msg="/home/jerrytsai/unikraft/lib/ukpal/arch/x86_64/include/uk/pal/arch/except.h:29:2: error: attribute(target("general-regs-only")) is unknown"
level=warning msg="   29 |  __u32 trapnr);"
level=warning msg="      |  ^~~~~"
level=warning msg="/home/jerrytsai/unikraft/lib/ukpal/arch/x86_64/include/uk/pal/arch/except.h:32:15: error: attribute(target("general-regs-only")) is unknown"
level=warning msg="   32 |  const struct uk_pal_except_err_ctx *ctx);"
level=warning msg="      |               ^~~~~~~~~~~~~~~~~~~~~"
level=warning msg="/home/jerrytsai/unikraft/lib/ukpal/arch/x86_64/include/uk/pal/arch/except.h:36:2: error: attribute(target("general-regs-only")) is unknown"
level=warning msg="   36 |  __u64 error_code);"
level=warning msg="      |  ^~~~~"
level=warning msg="In file included from /home/jerrytsai/unikraft/lib/uklcpu/include/uk/lcpu/except.h:12,"
level=warning msg="                 from /home/jerrytsai/unikraft/lib/uklcpu/include/uk/lcpu.h:20,"
level=warning msg="                 from /home/jerrytsai/unikraft/lib/ukdebug/include/uk/assert.h:39,"
level=warning msg="                 from /home/jerrytsai/unikraft/lib/ukalloc/include/uk/alloc.h:40,"
level=warning msg="                 from /home/jerrytsai/unikraft/include/uk/plat/memory.h:39,"
level=warning msg="                 from /home/jerrytsai/unikraft/plat/common/include/uk/plat/common/bootinfo.h:12,"
level=warning msg="                 from /home/jerrytsai/unikraft/plat/common/memory.c:37:"
level=warning msg="/home/jerrytsai/unikraft/lib/ukpal/include/uk/pal/except.h:77:15: error: attribute(target("general-regs-only")) is unknown"
level=warning msg="   77 |  const struct uk_pal_except_err_ctx *ctx);"
level=warning msg="      |               ^~~~~~~~~~~~~~~~~~~~~"
level=warning msg="/home/jerrytsai/unikraft/lib/ukpal/include/uk/pal/except.h:81:2: error: attribute(target("general-regs-only")) is unknown"
level=warning msg="   81 |  const char *str);"
level=warning msg="      |  ^~~~~"
level=warning msg="/home/jerrytsai/unikraft/lib/ukpal/include/uk/pal/except.h:84:15: error: attribute(target("general-regs-only")) is unknown"
level=warning msg="   84 |  const struct uk_pal_except_err_ctx *ctx);"
level=warning msg="      |               ^~~~~~~~~~~~~~~~~~~~~"
level=warning msg="/home/jerrytsai/unikraft/lib/ukpal/include/uk/pal/except.h:88:2: error: attribute(target("general-regs-only")) is unknown"
level=warning msg="   88 |  int handler_err);"
level=warning msg="      |  ^~~"
level=warning msg="/home/jerrytsai/unikraft/lib/ukpal/include/uk/pal/except.h:91:15: error: attribute(target("general-regs-only")) is unknown"
level=warning msg="   91 |  const struct uk_pal_except_err_ctx *ctx);"
level=warning msg="      |               ^~~~~~~~~~~~~~~~~~~~~"
level=warning msg="/home/jerrytsai/unikraft/lib/ukpal/include/uk/pal/except.h:95:9: error: attribute(target("general-regs-only")) is unknown"
level=warning msg="   95 |  struct uk_pal_regs *regs);"
level=warning msg="      |         ^~~~~~~~~~~"
level=warning msg="/home/jerrytsai/unikraft/lib/ukpal/include/uk/pal/except.h:98:15: error: attribute(target("general-regs-only")) is unknown"
level=warning msg="   98 |  const struct uk_pal_except_err_ctx *ctx);"
level=warning msg="      |               ^~~~~~~~~~~~~~~~~~~~~"
level=warning msg="/home/jerrytsai/unikraft/lib/ukpal/include/uk/pal/except.h:102:2: error: attribute(target("general-regs-only")) is unknown"
level=warning msg="  102 |  __u64 fault_addr);"
level=warning msg="      |  ^~~~~"
level=warning msg="/home/jerrytsai/unikraft/lib/ukpal/include/uk/pal/except.h:114:15: error: attribute(target("general-regs-only")) is unknown"
level=warning msg="  114 |  const struct uk_pal_except_irq_ctx *ctx);"
level=warning msg="      |               ^~~~~~~~~~~~~~~~~~~~~"
level=warning msg="/home/jerrytsai/unikraft/lib/ukpal/include/uk/pal/except.h:118:9: error: attribute(target("general-regs-only")) is unknown"
level=warning msg="  118 |  struct uk_pal_regs *regs);"
level=warning msg="      |         ^~~~~~~~~~~"
level=warning msg="/home/jerrytsai/unikraft/lib/ukpal/include/uk/pal/except.h:121:15: error: attribute(target("general-regs-only")) is unknown"
level=warning msg="  121 |  const struct uk_pal_except_irq_ctx *ctx);"
level=warning msg="      |               ^~~~~~~~~~~~~~~~~~~~~"
level=warning msg="/home/jerrytsai/unikraft/lib/ukpal/include/uk/pal/except.h:125:2: error: attribute(target("general-regs-only")) is unknown"
level=warning msg="  125 |  __u32 irq);"
level=warning msg="      |  ^~~~~"
level=warning msg="/home/jerrytsai/unikraft/lib/ukpal/include/uk/pal/except.h:133:1: error: attribute(target("general-regs-only")) is unknown"
level=warning msg="  133 | __isr void uk_pal_except_push_nested(void);"
level=warning msg="      | ^~~~~"
level=warning msg="/home/jerrytsai/unikraft/lib/ukpal/include/uk/pal/except.h:139:1: error: attribute(target("general-regs-only")) is unknown"
level=warning msg="  139 | __isr void uk_pal_except_pop_nested(void);"
level=warning msg="      | ^~~~~"
level=warning msg="/home/jerrytsai/unikraft/lib/ukpal/include/uk/pal/except.h:147:1: error: attribute(target("general-regs-only")) is unknown"
level=warning msg="  147 | __isr void uk_pal_disable_irq(void);"
level=warning msg="      | ^~~~~"
level=warning msg="/home/jerrytsai/unikraft/lib/ukpal/include/uk/pal/except.h:153:1: error: attribute(target("general-regs-only")) is unknown"
level=warning msg="  153 | __isr void uk_pal_enable_irq(void);"
level=warning msg="      | ^~~~~"
level=warning msg="/home/jerrytsai/unikraft/lib/ukpal/include/uk/pal/except.h:160:1: error: attribute(target("general-regs-only")) is unknown"
level=warning msg="  160 | __isr int uk_pal_irqs_disabled(void);"
level=warning msg="      | ^~~~~"
level=warning msg="/home/jerrytsai/unikraft/lib/ukpal/include/uk/pal/except.h:166:1: error: attribute(target("general-regs-only")) is unknown"
level=warning msg="  166 | __isr void uk_pal_irqs_handle_pending(void);"
level=warning msg="      | ^~~~~"
level=warning msg="/home/jerrytsai/unikraft/lib/ukpal/include/uk/pal/except.h:174:1: error: attribute(target("general-regs-only")) is unknown"
level=warning msg="  174 | __isr void uk_pal_restore_irqf(unsigned long flags);"
level=warning msg="      | ^~~~~"
level=warning msg="/home/jerrytsai/unikraft/lib/ukpal/include/uk/pal/except.h:182:1: error: attribute(target("general-regs-only")) is unknown"
level=warning msg="  182 | __isr unsigned long uk_pal_save_irqf(void);"
level=warning msg="      | ^~~~~"
level=warning msg="/home/jerrytsai/unikraft/lib/ukpal/include/uk/pal/except.h:189:1: error: attribute(target("general-regs-only")) is unknown"
level=warning msg="  189 | __isr __uptr uk_pal_except_get_except_stack_base(void);"
level=warning msg="      | ^~~~~"
level=warning msg="/home/jerrytsai/unikraft/lib/ukpal/include/uk/pal/except.h:196:1: error: attribute(target("general-regs-only")) is unknown"
level=warning msg="  196 | __isr int uk_pal_except_init(void);"
level=warning msg="      | ^~~~~"
level=warning msg="In file included from /home/jerrytsai/unikraft/lib/uklcpu/include/uk/lcpu/except.h:13,"
level=warning msg="                 from /home/jerrytsai/unikraft/lib/uklcpu/include/uk/lcpu.h:20,"
level=warning msg="                 from /home/jerrytsai/unikraft/lib/ukdebug/include/uk/assert.h:39,"
level=warning msg="                 from /home/jerrytsai/unikraft/lib/ukalloc/include/uk/alloc.h:40,"
level=warning msg="                 from /home/jerrytsai/unikraft/include/uk/plat/memory.h:39,"
level=warning msg="                 from /home/jerrytsai/unikraft/plat/common/include/uk/plat/common/bootinfo.h:12,"
level=warning msg="                 from /home/jerrytsai/unikraft/plat/common/memory.c:37:"
level=warning msg="/home/jerrytsai/unikraft/lib/uklcpu/arch/x86_64/include/uk/lcpu/arch/except.h:26:1: error: attribute(target("general-regs-only")) is unknown"
level=warning msg="   26 | {"
level=warning msg="      | ^"
level=warning msg="/home/jerrytsai/unikraft/lib/uklcpu/arch/x86_64/include/uk/lcpu/arch/except.h:34:1: error: attribute(target("general-regs-only")) is unknown"
level=warning msg="   34 | {"
level=warning msg="      | ^"
level=warning msg="/home/jerrytsai/unikraft/lib/uklcpu/arch/x86_64/include/uk/lcpu/arch/except.h:42:1: error: attribute(target("general-regs-only")) is unknown"
level=warning msg="   42 | {"
level=warning msg="      | ^"
level=warning msg="/home/jerrytsai/unikraft/lib/uklcpu/arch/x86_64/include/uk/lcpu/arch/except.h:50:1: error: attribute(target("general-regs-only")) is unknown"
level=warning msg="   50 | {"
level=warning msg="      | ^"
level=warning msg="In file included from /home/jerrytsai/unikraft/lib/uklcpu/include/uk/lcpu.h:20,"
level=warning msg="                 from /home/jerrytsai/unikraft/lib/ukdebug/include/uk/assert.h:39,"
level=warning msg="                 from /home/jerrytsai/unikraft/lib/ukalloc/include/uk/alloc.h:40,"
level=warning msg="                 from /home/jerrytsai/unikraft/include/uk/plat/memory.h:39,"
level=warning msg="                 from /home/jerrytsai/unikraft/plat/common/include/uk/plat/common/bootinfo.h:12,"
level=warning msg="                 from /home/jerrytsai/unikraft/plat/common/memory.c:37:"
level=warning msg="/home/jerrytsai/unikraft/lib/uklcpu/include/uk/lcpu/except.h:43:1: error: attribute(target("general-regs-only")) is unknown"
level=warning msg="   43 | {"
level=warning msg="      | ^"
level=warning msg="/home/jerrytsai/unikraft/lib/uklcpu/include/uk/lcpu/except.h:51:1: error: attribute(target("general-regs-only")) is unknown"
level=warning msg="   51 | {"
level=warning msg="      | ^"
level=warning msg="/home/jerrytsai/unikraft/lib/uklcpu/include/uk/lcpu/except.h:58:1: error: attribute(target("general-regs-only")) is unknown"
level=warning msg="   58 | {"
level=warning msg="      | ^"
level=warning msg="/home/jerrytsai/unikraft/lib/uklcpu/include/uk/lcpu/except.h:66:1: error: attribute(target("general-regs-only")) is unknown"
level=warning msg="   66 | {"
level=warning msg="      | ^"
level=warning msg="/home/jerrytsai/unikraft/lib/uklcpu/include/uk/lcpu/except.h:73:1: error: attribute(target("general-regs-only")) is unknown"
level=warning msg="   73 | {"
level=warning msg="      | ^"
level=warning msg="/home/jerrytsai/unikraft/lib/uklcpu/include/uk/lcpu/except.h:81:1: error: attribute(target("general-regs-only")) is unknown"
level=warning msg="   81 | {"
level=warning msg="      | ^"
level=warning msg="/home/jerrytsai/unikraft/lib/uklcpu/include/uk/lcpu/except.h:88:1: error: attribute(target("general-regs-only")) is unknown"
level=warning msg="   88 | {"
level=warning msg="      | ^"
level=warning msg="/home/jerrytsai/unikraft/lib/uklcpu/include/uk/lcpu/except.h:96:1: error: attribute(target("general-regs-only")) is unknown"
level=warning msg="   96 | {"
level=warning msg="      | ^"
level=warning msg="/home/jerrytsai/unikraft/lib/uklcpu/include/uk/lcpu/except.h:106:1: error: attribute(target("general-regs-only")) is unknown"
level=warning msg="  106 | {"
level=warning msg="      | ^"
level=warning msg="/home/jerrytsai/unikraft/lib/uklcpu/include/uk/lcpu/except.h:114:1: error: attribute(target("general-regs-only")) is unknown"
level=warning msg="  114 | {"
level=warning msg="      | ^"
level=warning msg="/home/jerrytsai/unikraft/lib/uklcpu/include/uk/lcpu/except.h:122:1: error: attribute(target("general-regs-only")) is unknown"
level=warning msg="  122 | {"
level=warning msg="      | ^"
level=warning msg="/home/jerrytsai/unikraft/lib/uklcpu/include/uk/lcpu/except.h:130:1: error: attribute(target("general-regs-only")) is unknown"
level=warning msg="  130 | {"
level=warning msg="      | ^"
level=warning msg="/home/jerrytsai/unikraft/lib/uklcpu/include/uk/lcpu/except.h:135:1: error: attribute(target("general-regs-only")) is unknown"
level=warning msg="  135 | {"
level=warning msg="      | ^"
level=warning msg="/home/jerrytsai/unikraft/lib/uklcpu/include/uk/lcpu/except.h:140:1: error: attribute(target("general-regs-only")) is unknown"
level=warning msg="  140 | {"
level=warning msg="      | ^"
level=warning msg="/home/jerrytsai/unikraft/lib/uklcpu/include/uk/lcpu/except.h:145:1: error: attribute(target("general-regs-only")) is unknown"
level=warning msg="  145 | {"
level=warning msg="      | ^"
level=warning msg="/home/jerrytsai/unikraft/lib/uklcpu/include/uk/lcpu/except.h:150:1: error: attribute(target("general-regs-only")) is unknown"
level=warning msg="  150 | {"
level=warning msg="      | ^"
level=warning msg="/home/jerrytsai/unikraft/lib/uklcpu/include/uk/lcpu/except.h:155:1: error: attribute(target("general-regs-only")) is unknown"
level=warning msg="  155 | {"
level=warning msg="      | ^"
level=warning msg="/home/jerrytsai/unikraft/lib/uklcpu/include/uk/lcpu/except.h:165:1: error: attribute(target("general-regs-only")) is unknown"
level=warning msg="  165 | {"
level=warning msg="      | ^"
level=warning msg="/home/jerrytsai/unikraft/lib/uklcpu/include/uk/lcpu/except.h:170:1: error: attribute(target("general-regs-only")) is unknown"
level=warning msg="  170 | {"
level=warning msg="      | ^"
level=warning msg="In file included from /home/jerrytsai/unikraft/lib/uklcpu/include/uk/lcpu/regs.h:11,"
level=warning msg="                 from /home/jerrytsai/unikraft/lib/uklcpu/include/uk/lcpu.h:22,"
level=warning msg="                 from /home/jerrytsai/unikraft/lib/ukdebug/include/uk/assert.h:39,"
level=warning msg="                 from /home/jerrytsai/unikraft/lib/ukalloc/include/uk/alloc.h:40,"
level=warning msg="                 from /home/jerrytsai/unikraft/include/uk/plat/memory.h:39,"
level=warning msg="                 from /home/jerrytsai/unikraft/plat/common/include/uk/plat/common/bootinfo.h:12,"
level=warning msg="                 from /home/jerrytsai/unikraft/plat/common/memory.c:37:"
level=warning msg="/home/jerrytsai/unikraft/plat/native/pal/include/uk/plat/pal/regs.h:30:1: error: attribute(target("general-regs-only")) is unknown"
level=warning msg="   30 | {"
level=warning msg="      | ^"
level=warning msg="/home/jerrytsai/unikraft/plat/native/pal/include/uk/plat/pal/regs.h:37:1: error: attribute(target("general-regs-only")) is unknown"
level=warning msg="   37 | {"
level=warning msg="      | ^"
level=warning msg="In file included from /home/jerrytsai/unikraft/lib/uklcpu/include/uk/lcpu/regs.h:12,"
level=warning msg="                 from /home/jerrytsai/unikraft/lib/uklcpu/include/uk/lcpu.h:22,"
level=warning msg="                 from /home/jerrytsai/unikraft/lib/ukdebug/include/uk/assert.h:39,"
level=warning msg="                 from /home/jerrytsai/unikraft/lib/ukalloc/include/uk/alloc.h:40,"
level=warning msg="                 from /home/jerrytsai/unikraft/include/uk/plat/memory.h:39,"
level=warning msg="                 from /home/jerrytsai/unikraft/plat/common/include/uk/plat/common/bootinfo.h:12,"
level=warning msg="                 from /home/jerrytsai/unikraft/plat/common/memory.c:37:"
level=warning msg="/home/jerrytsai/unikraft/lib/ukpal/include/uk/pal/regs.h:63:42: error: attribute(target("general-regs-only")) is unknown"
level=warning msg="   63 | __isr __u64 uk_pal_regs_get(const struct uk_pal_regs *regs, __sz offset);"
level=warning msg="      |                                          ^~~~~~~~~~~"
level=warning msg="/home/jerrytsai/unikraft/lib/ukpal/include/uk/pal/regs.h:72:35: error: attribute(target("general-regs-only")) is unknown"
level=warning msg="   72 | __isr void uk_pal_regs_set(struct uk_pal_regs *regs, __sz offset, __u64 val);"
level=warning msg="      |                                   ^~~~~~~~~~~"
level=warning msg="In file included from /home/jerrytsai/unikraft/plat/native/pal/include/uk/plat/pal/sysctx.h:11,"
level=warning msg="                 from /home/jerrytsai/unikraft/lib/uklcpu/include/uk/lcpu/sysctx.h:11,"
level=warning msg="                 from /home/jerrytsai/unikraft/lib/uklcpu/include/uk/lcpu.h:24,"
level=warning msg="                 from /home/jerrytsai/unikraft/lib/ukdebug/include/uk/assert.h:39,"
level=warning msg="                 from /home/jerrytsai/unikraft/lib/ukalloc/include/uk/alloc.h:40,"
level=warning msg="                 from /home/jerrytsai/unikraft/include/uk/plat/memory.h:39,"
level=warning msg="                 from /home/jerrytsai/unikraft/plat/common/include/uk/plat/common/bootinfo.h:12,"
level=warning msg="                 from /home/jerrytsai/unikraft/plat/common/memory.c:37:"
level=warning msg="/home/jerrytsai/unikraft/plat/native/arch/x86_64/include/uk/plat/native/arch/sysctx.h:91:1: error: attribute(target("general-regs-only")) is unknown"
level=warning msg="   91 | {"
level=warning msg="      | ^"
level=warning msg="/home/jerrytsai/unikraft/plat/native/arch/x86_64/include/uk/plat/native/arch/sysctx.h:106:1: error: attribute(target("general-regs-only")) is unknown"
level=warning msg="  106 | {"
level=warning msg="      | ^"
level=warning msg="/home/jerrytsai/unikraft/plat/native/arch/x86_64/include/uk/plat/native/arch/sysctx.h:129:1: error: attribute(target("general-regs-only")) is unknown"
level=warning msg="  129 | {"
level=warning msg="      | ^"
level=warning msg="/home/jerrytsai/unikraft/plat/native/arch/x86_64/include/uk/plat/native/arch/sysctx.h:140:1: error: attribute(target("general-regs-only")) is unknown"
level=warning msg="  140 | {"
level=warning msg="      | ^"
level=warning msg="/home/jerrytsai/unikraft/plat/native/arch/x86_64/include/uk/plat/native/arch/sysctx.h:151:47: error: attribute(target("general-regs-only")) is unknown"
level=warning msg="  151 | __isr void uk_plat_native_sysctx_store(struct uk_plat_native_sysctx *sysctx);"
level=warning msg="      |                                               ^~~~~~~~~~~~~~~~~~~~~"
level=warning msg="/home/jerrytsai/unikraft/plat/native/arch/x86_64/include/uk/plat/native/arch/sysctx.h:160:46: error: attribute(target("general-regs-only")) is unknown"
level=warning msg="  160 | __isr void uk_plat_native_sysctx_load(struct uk_plat_native_sysctx *sysctx);"
level=warning msg="      |                                              ^~~~~~~~~~~~~~~~~~~~~"
level=warning msg="In file included from /home/jerrytsai/unikraft/lib/uklcpu/include/uk/lcpu/sysctx.h:11,"
level=warning msg="                 from /home/jerrytsai/unikraft/lib/uklcpu/include/uk/lcpu.h:24,"
level=warning msg="                 from /home/jerrytsai/unikraft/lib/ukdebug/include/uk/assert.h:39,"
level=warning msg="                 from /home/jerrytsai/unikraft/lib/ukalloc/include/uk/alloc.h:40,"
level=warning msg="                 from /home/jerrytsai/unikraft/include/uk/plat/memory.h:39,"
level=warning msg="                 from /home/jerrytsai/unikraft/plat/common/include/uk/plat/common/bootinfo.h:12,"
level=warning msg="                 from /home/jerrytsai/unikraft/plat/common/memory.c:37:"
level=warning msg="/home/jerrytsai/unikraft/plat/native/pal/include/uk/plat/pal/sysctx.h:33:1: error: attribute(target("general-regs-only")) is unknown"
level=warning msg="   33 | {"
level=warning msg="      | ^"
level=warning msg="/home/jerrytsai/unikraft/plat/native/pal/include/uk/plat/pal/sysctx.h:41:1: error: attribute(target("general-regs-only")) is unknown"
level=warning msg="   41 | {"
level=warning msg="      | ^"
level=warning msg="/home/jerrytsai/unikraft/plat/native/pal/include/uk/plat/pal/sysctx.h:47:1: error: attribute(target("general-regs-only")) is unknown"
level=warning msg="   47 | {"
level=warning msg="      | ^"
level=warning msg="/home/jerrytsai/unikraft/plat/native/pal/include/uk/plat/pal/sysctx.h:52:1: error: attribute(target("general-regs-only")) is unknown"
level=warning msg="   52 | {"
level=warning msg="      | ^"
level=warning msg="/home/jerrytsai/unikraft/plat/native/pal/include/uk/plat/pal/sysctx.h:57:1: error: attribute(target("general-regs-only")) is unknown"
level=warning msg="   57 | {"
level=warning msg="      | ^"
level=warning msg="/home/jerrytsai/unikraft/plat/native/pal/include/uk/plat/pal/sysctx.h:62:1: error: attribute(target("general-regs-only")) is unknown"
level=warning msg="   62 | {"
level=warning msg="      | ^"
level=warning msg="In file included from /home/jerrytsai/unikraft/lib/uklcpu/include/uk/lcpu/sysctx.h:12,"
level=warning msg="                 from /home/jerrytsai/unikraft/lib/uklcpu/include/uk/lcpu.h:24,"
level=warning msg="                 from /home/jerrytsai/unikraft/lib/ukdebug/include/uk/assert.h:39,"
level=warning msg="                 from /home/jerrytsai/unikraft/lib/ukalloc/include/uk/alloc.h:40,"
level=warning msg="                 from /home/jerrytsai/unikraft/include/uk/plat/memory.h:39,"
level=warning msg="                 from /home/jerrytsai/unikraft/plat/common/include/uk/plat/common/bootinfo.h:12,"
level=warning msg="                 from /home/jerrytsai/unikraft/plat/common/memory.c:37:"
level=warning msg="/home/jerrytsai/unikraft/lib/ukpal/include/uk/pal/sysctx.h:60:44: error: attribute(target("general-regs-only")) is unknown"
level=warning msg="   60 | __isr __u64 uk_pal_sysctx_get(const struct uk_pal_sysctx *sc, __sz offset);"
level=warning msg="      |                                            ^~~~~~~~~~~~~"
level=warning msg="/home/jerrytsai/unikraft/lib/ukpal/include/uk/pal/sysctx.h:69:37: error: attribute(target("general-regs-only")) is unknown"
level=warning msg="   69 | __isr void uk_pal_sysctx_set(struct uk_pal_sysctx *sc, __sz offset, __u64 val);"
level=warning msg="      |                                     ^~~~~~~~~~~~~"
level=warning msg="/home/jerrytsai/unikraft/lib/ukpal/include/uk/pal/sysctx.h:76:39: error: attribute(target("general-regs-only")) is unknown"
level=warning msg="   76 | __isr void uk_pal_sysctx_store(struct uk_pal_sysctx *sysctx);"
level=warning msg="      |                                       ^~~~~~~~~~~~~"
level=warning msg="/home/jerrytsai/unikraft/lib/ukpal/include/uk/pal/sysctx.h:83:38: error: attribute(target("general-regs-only")) is unknown"
level=warning msg="   83 | __isr void uk_pal_sysctx_load(struct uk_pal_sysctx *sysctx);"
level=warning msg="      |                                      ^~~~~~~~~~~~~"
level=warning msg="/home/jerrytsai/unikraft/lib/ukpal/include/uk/pal/sysctx.h:90:1: error: attribute(target("general-regs-only")) is unknown"
level=warning msg="   90 | __isr __uptr uk_pal_tlsp_get(void);"
level=warning msg="      | ^~~~~"
level=warning msg="/home/jerrytsai/unikraft/lib/ukpal/include/uk/pal/sysctx.h:97:1: error: attribute(target("general-regs-only")) is unknown"
level=warning msg="   97 | __isr void uk_pal_tlsp_set(__uptr tlsp);"
level=warning msg="      | ^~~~~"
level=warning msg="In file included from /home/jerrytsai/unikraft/lib/uklcpu/include/uk/lcpu.h:24,"
level=warning msg="                 from /home/jerrytsai/unikraft/lib/ukdebug/include/uk/assert.h:39,"
level=warning msg="                 from /home/jerrytsai/unikraft/lib/ukalloc/include/uk/alloc.h:40,"
level=warning msg="                 from /home/jerrytsai/unikraft/include/uk/plat/memory.h:39,"
level=warning msg="                 from /home/jerrytsai/unikraft/plat/common/include/uk/plat/common/bootinfo.h:12,"
level=warning msg="                 from /home/jerrytsai/unikraft/plat/common/memory.c:37:"
level=warning msg="/home/jerrytsai/unikraft/lib/uklcpu/include/uk/lcpu/sysctx.h:33:1: error: attribute(target("general-regs-only")) is unknown"
level=warning msg="   33 | {"
level=warning msg="      | ^"
level=warning msg="/home/jerrytsai/unikraft/lib/uklcpu/include/uk/lcpu/sysctx.h:38:1: error: attribute(target("general-regs-only")) is unknown"
level=warning msg="   38 | {"
level=warning msg="      | ^"
level=warning msg="/home/jerrytsai/unikraft/lib/uklcpu/include/uk/lcpu/sysctx.h:43:1: error: attribute(target("general-regs-only")) is unknown"
level=warning msg="   43 | {"
level=warning msg="      | ^"
level=warning msg="/home/jerrytsai/unikraft/lib/uklcpu/include/uk/lcpu/sysctx.h:48:1: error: attribute(target("general-regs-only")) is unknown"
level=warning msg="   48 | {"
level=warning msg="      | ^"
level=warning msg="In file included from /home/jerrytsai/unikraft/lib/ukdebug/include/uk/assert.h:39,"
level=warning msg="                 from /home/jerrytsai/unikraft/lib/ukalloc/include/uk/alloc.h:40,"
level=warning msg="                 from /home/jerrytsai/unikraft/include/uk/plat/memory.h:39,"
level=warning msg="                 from /home/jerrytsai/unikraft/plat/common/include/uk/plat/common/bootinfo.h:12,"
level=warning msg="                 from /home/jerrytsai/unikraft/plat/common/memory.c:37:"
level=warning msg="/home/jerrytsai/unikraft/lib/uklcpu/include/uk/lcpu.h:303:1: error: attribute(target("general-regs-only")) is unknown"
level=warning msg="  303 | __isr __u64 uk_lcpu_get_current_idx_in_except(void);"
level=warning msg="      | ^~~~~"
level=warning msg="In file included from /home/jerrytsai/unikraft/lib/ukdebug/include/uk/assert.h:44,"
level=warning msg="                 from /home/jerrytsai/unikraft/lib/ukalloc/include/uk/alloc.h:40,"
level=warning msg="                 from /home/jerrytsai/unikraft/include/uk/plat/memory.h:39,"
level=warning msg="                 from /home/jerrytsai/unikraft/plat/common/include/uk/plat/common/bootinfo.h:12,"
level=warning msg="                 from /home/jerrytsai/unikraft/plat/common/memory.c:37:"
level=warning msg="/home/jerrytsai/unikraft/lib/ukprint/include/uk/print.h:67:7: error: attribute(target("general-regs-only")) is unknown"
level=warning msg="   67 |       unsigned int srcline, const char *fmt, va_list ap);"
level=warning msg="      |       ^~~~~~~~"
level=warning msg="/home/jerrytsai/unikraft/lib/ukprint/include/uk/print.h:70:6: error: attribute(target("general-regs-only")) is unknown"
level=warning msg="   70 |      const char *fmt, ...) __printf(5, 6);"
level=warning msg="      |      ^~~~~"
level=warning msg="make[3]: *** [/home/jerrytsai/unikraft/support/build/Makefile.build:49: /home/jerrytsai/vm-final-project/.unikraft/build/libkvmplat/memory.common.o] Error 1"
level=info msg="  AS      libkvmplat: pagetable64.o"
level=warning msg="make[2]: *** [Makefile:1175: sub-make] Error 2"
level=warning msg="make[1]: *** [Makefile:41: _all] Error 2"
level=error msg="could not complete build: build failed: exit status 2"
vogue-glmark2: build blocked by local Kraft/Unikraft toolchain rc=1
